estado,Marque todas las plataformas,¿Cuál es la naturaleza legal,¿Cuáles son las temáticas,¿Cuáles son las fuentes de ingresos,¿El proyecto u organización periodística que refiere ha enfrentado
Amazonas,"Canal o grupo de mensajería en Whatsapp, Canal o grupo de mensajería en Telegram, Cuenta en Instagram, Cuenta en Facebook, Cuenta en X",Proyecto u organización sin figura jurídica,"Deporte local, Gobierno y política local, Medio ambiente y sostenibilidad, Sucesos, seguridad y convivencia ciudadana, Temas sociales locales (como salud, educación, transporte, servicios públicos)",No hay ninguna fuente de ingresos,"Restricciones o impedimentos externos para cubrir ciertos temas (censura directa), Decisiones de no cubrir ciertos contenidos por precaución (autocensura)"
Amazonas,"Canal o grupo de mensajería en Whatsapp, Canal o grupo de mensajería en Telegram, Cuenta en Instagram, Cuenta en Facebook, Cuenta en X, Cuenta en Youtube, TV transmitida vía web",Privado,"Economía y desarrollo local, Gobierno y política local, Investigación y vigilancia al poder, Medio ambiente y sostenibilidad, Sucesos, seguridad y convivencia ciudadana, Temas sociales locales (como salud, educación, transporte, servicios públicos)","Subvenciones o financiamiento internacional, Publicidad","Presiones indirectas que influyen en la cobertura (por ejemplo, económicas, políticas o de seguridad)"
Amazonas,"Canal o grupo de mensajería en Whatsapp, Cuenta en Facebook, Radio (AM o FM)",Proyecto u organización sin figura jurídica,"Economía y desarrollo local, Gobierno y política local, Medio ambiente y sostenibilidad, Sucesos, seguridad y convivencia ciudadana, Temas sociales locales (como salud, educación, transporte, servicios públicos)",Publicidad,Decisiones de no cubrir ciertos contenidos por precaución (autocensura)
Amazonas,"Portal web de noticias, Radio (AM o FM), Radio transmitida vía web",Privado,"Deporte local, Economía y desarrollo local, Gobierno y política local, Medio ambiente y sostenibilidad, Sucesos, seguridad y convivencia ciudadana, Temas sociales locales (como salud, educación, transporte, servicios públicos)","Aportes monetarios de los fundadores y/o el equipo, Contenidos puntuales patrocinados, Publicidad, Venta de productos y servicios",Restricciones o impedimentos externos para cubrir ciertos temas (censura directa)
Amazonas,"Canal o grupo de mensajería en Whatsapp, Cuenta en Instagram, Cuenta en Facebook, Cuenta en X, Periódico (impreso)","Organización sin fines de lucro (asociación civil, fundación, ONG)","Arte y cultura local, Medio ambiente y sostenibilidad, Temas sociales locales (como salud, educación, transporte, servicios públicos)",Aportes monetarios de los fundadores y/o el equipo,"Restricciones o impedimentos externos para cubrir ciertos temas (censura directa), Decisiones de no cubrir ciertos contenidos por precaución (autocensura), Presiones indirectas que influyen en la cobertura (por ejemplo, económicas, políticas o de seguridad)"
Amazonas,"Canal o grupo de mensajería en Whatsapp, Cuenta en Facebook, Cuenta en Youtube, Radio (AM o FM), Radio transmitida vía web",Privado,"Arte y cultura local, Deporte local, Economía y desarrollo local, Gobierno y política local, Medio ambiente y sostenibilidad, Sucesos, seguridad y convivencia ciudadana, Temas sociales locales (como salud, educación, transporte, servicios públicos)",Aportes monetarios de los fundadores y/o el equipo,"Presiones indirectas que influyen en la cobertura (por ejemplo, económicas, políticas o de seguridad)"
Amazonas,"Canal o grupo de mensajería en Whatsapp, Cuenta en Facebook, Podcast, Radio (AM o FM)","Organización sin fines de lucro (asociación civil, fundación, ONG)","Arte y cultura local, Deporte local, Economía y desarrollo local, Medio ambiente y sostenibilidad, Sucesos, seguridad y convivencia ciudadana, Temas sociales locales (como salud, educación, transporte, servicios públicos)",Publicidad,"Restricciones o impedimentos externos para cubrir ciertos temas (censura directa), Decisiones de no cubrir ciertos contenidos por precaución (autocensura), Presiones indirectas que influyen en la cobertura (por ejemplo, económicas, políticas o de seguridad)"
Amazonas,Cuenta en Instagram,No se maneja esta información,"Economía y desarrollo local, Gobierno y política local, Medio ambiente y sostenibilidad, Sucesos, seguridad y convivencia ciudadana, Temas sociales locales (como salud, educación, transporte, servicios públicos)",No se maneja esta información,No se maneja esta información
Amazonas,"Canal o grupo de mensajería en Telegram, Cuenta en Instagram, Cuenta en Facebook, Cuenta en TikTok, Cuenta en X, Cuenta en Youtube, Periódico (impreso), Portal web de noticias",Privado,"Arte y cultura local, Deporte local, Economía y desarrollo local, Gobierno y política local, Sucesos, seguridad y convivencia ciudadana, Temas sociales locales (como salud, educación, transporte, servicios públicos)",Publicidad,No se maneja esta información
Anzoátegui,"Canal o grupo de mensajería en Whatsapp, Canal o grupo de mensajería en Telegram, Cuenta en Instagram, Cuenta en Facebook, Cuenta en TikTok",Proyecto u organización sin figura jurídica,Cubrimos todas las fuentes ,Publicidad,Decisiones de no cubrir ciertos contenidos por precaución (autocensura)
Anzoátegui,"Canal o grupo de mensajería en Whatsapp, Canal o grupo de mensajería en Telegram, Cuenta en Instagram, Cuenta en Facebook, Cuenta en TikTok, Cuenta en X, Cuenta en Youtube, Periodismo cara a cara, Podcast, Portal web de noticias",Privado,General ,No sabe / Prefiere no responder,"Presiones indirectas que influyen en la cobertura (por ejemplo, económicas, políticas o de seguridad)"
Anzoátegui,"Canal o grupo de mensajería en Whatsapp, Canal o grupo de mensajería en Telegram, Cuenta en Instagram, Cuenta en Facebook, Portal web de noticias",Privado,"Temas sociales locales (como salud, educación, transporte, servicios públicos)",Publicidad,"Presiones indirectas que influyen en la cobertura (por ejemplo, económicas, políticas o de seguridad)"
Anzoátegui,"Canal o grupo de mensajería en Whatsapp, Canal o grupo de mensajería en Telegram, Cuenta en Instagram, Cuenta en Facebook, Cuenta en TikTok, Cuenta en X",Privado,"Gobierno y política local, salud, transporte, educación, deporte local, economía local, ",Aportes monetarios de los fundadores y/o el equipo,Decisiones de no cubrir ciertos contenidos por precaución (autocensura)
Anzoátegui,"Canal o grupo de mensajería en Whatsapp, Cuenta en Instagram, Cuenta en Facebook, Cuenta en TikTok, Cuenta en X, Cuenta en Youtube, Portal web de noticias, Radio (AM o FM), Radio transmitida vía web","Organización sin fines de lucro (asociación civil, fundación, ONG)","Temas sociales locales (como salud, educación, transporte, servicios públicos)",No sabe / Prefiere no responder,Decisiones de no cubrir ciertos contenidos por precaución (autocensura)
Anzoátegui,"Canal o grupo de mensajería en Whatsapp, Canal o grupo de mensajería en Telegram, Cuenta en Instagram, Cuenta en Facebook, Cuenta en X, Cuenta en Youtube, Portal web de noticias",Privado,"Temas sociales locales (como salud, educación, transporte, servicios públicos)","Publicidad, Subvenciones o financiamiento internacional, Venta de productos y servicios",No ha enfrentado este tipo de situaciones
Anzoátegui,"Cuenta en Instagram, Cuenta en Facebook, Cuenta en TikTok, Cuenta en X, Portal web de noticias",Privado,"Temas sociales locales (como salud, educación, transporte, servicios públicos)","Aportes monetarios de los fundadores y/o el equipo, Publicidad",No ha enfrentado este tipo de situaciones
Anzoátegui,"Canal o grupo de mensajería en Whatsapp, Canal o grupo de mensajería en Telegram, Cuenta en Instagram, Cuenta en Facebook, Cuenta en TikTok, Cuenta en X, Cuenta en Youtube, Portal web de noticias, Radio (AM o FM)",Privado,"Temas sociales locales (como salud, educación, transporte, servicios públicos)","Aportes monetarios de los fundadores y/o el equipo, Contenidos puntuales patrocinados, Publicidad, Venta de productos y servicios",Decisiones de no cubrir ciertos contenidos por precaución (autocensura)
Anzoátegui,"Cuenta en Instagram, Cuenta en Facebook, Cuenta en X",Privado,"Arte y cultura local, Deporte local, Economía y desarrollo local, Gobierno y política local, Temas sociales locales (como salud, educación, transporte, servicios públicos)","Publicidad, Subvenciones o financiamiento internacional, Venta de productos y servicios",No se maneja esta información
Anzoátegui,"Cuenta en Instagram, Cuenta en Facebook, Cuenta en X, Portal web de noticias",Privado,"Arte y cultura local, Deporte local, Economía y desarrollo local, Gobierno y política local, Sucesos, seguridad y convivencia ciudadana, Temas sociales locales (como salud, educación, transporte, servicios públicos)",Publicidad,No se maneja esta información
Anzoátegui,"Cuenta en Instagram, Cuenta en Facebook, Cuenta en X, Cuenta en Youtube, Portal web de noticias, Radio (AM o FM)",Privado,"Arte y cultura local, Deporte local, Economía y desarrollo local, Gobierno y política local, Sucesos, seguridad y convivencia ciudadana, Temas sociales locales (como salud, educación, transporte, servicios públicos)","Aportes monetarios de los fundadores y/o el equipo, Contenidos puntuales patrocinados, Publicidad",No se maneja esta información
Anzoátegui,"Canal o grupo de mensajería en Telegram, Cuenta en Instagram, Cuenta en Facebook, Cuenta en TikTok, Cuenta en X, Cuenta en Youtube, Periódico (impreso), Portal web de noticias",Privado,"Arte y cultura local, Deporte local, Economía y desarrollo local, Gobierno y política local, Sucesos, seguridad y convivencia ciudadana, Temas sociales locales (como salud, educación, transporte, servicios públicos)",Publicidad,No se maneja esta información
Anzoátegui,Cuenta en Instagram,Privado,"Gobierno y política local, Sucesos, seguridad y convivencia ciudadana, Temas sociales locales (como salud, educación, transporte, servicios públicos)",Publicidad,No se maneja esta información
Anzoátegui,"Cuenta en Instagram, Cuenta en Facebook, Cuenta en X, Cuenta en Youtube, Periódico (impreso), Portal web de noticias",Privado,"Arte y cultura local, Deporte local, Economía y desarrollo local, Gobierno y política local, Sucesos, seguridad y convivencia ciudadana, Temas sociales locales (como salud, educación, transporte, servicios públicos)",Publicidad,No se maneja esta información
Anzoátegui,"Cuenta en Instagram, Cuenta en Facebook, Cuenta en X, Portal web de noticias",Privado,"Economía y desarrollo local, Gobierno y política local, Sucesos, seguridad y convivencia ciudadana, Temas sociales locales (como salud, educación, transporte, servicios públicos)",Publicidad,No se maneja esta información
Anzoátegui,"Cuenta en Facebook, Cuenta en X, Radio (AM o FM)",Privado,"Arte y cultura local, Deporte local, Economía y desarrollo local, Gobierno y política local, Sucesos, seguridad y convivencia ciudadana, Temas sociales locales (como salud, educación, transporte, servicios públicos)","Contenidos puntuales patrocinados, Publicidad",No se maneja esta información
Apure,"Canal o grupo de mensajería en Whatsapp, Cuenta en Instagram, Cuenta en Facebook, Cuenta en TikTok",Proyecto u organización sin figura jurídica,"Temas sociales locales (como salud, educación, transporte, servicios públicos)",No hay ninguna fuente de ingresos,Decisiones de no cubrir ciertos contenidos por precaución (autocensura)
Apure,"Canal o grupo de mensajería en Whatsapp, Cuenta en Instagram, Cuenta en Facebook, Radio (AM o FM)",Privado,"Arte y cultura local, Deporte local, Economía y desarrollo local, Gobierno y política local, Medio ambiente y sostenibilidad, Sucesos, seguridad y convivencia ciudadana, Temas sociales locales (como salud, educación, transporte, servicios públicos)",Publicidad,"Decisiones de no cubrir ciertos contenidos por precaución (autocensura), Presiones indirectas que influyen en la cobertura (por ejemplo, económicas, políticas o de seguridad)"
Apure,"Canal o grupo de mensajería en Whatsapp, Cuenta en Instagram, Cuenta en Facebook, Cuenta en TikTok, Cuenta en Youtube, Portal web de noticias, Radio (AM o FM), Radio transmitida vía web","Organización sin fines de lucro (asociación civil, fundación, ONG)","Economía y desarrollo local, Medio ambiente y sostenibilidad, Sucesos, seguridad y convivencia ciudadana, Temas sociales locales (como salud, educación, transporte, servicios públicos)","Contenidos puntuales patrocinados, Eventos, Publicidad",Restricciones o impedimentos externos para cubrir ciertos temas (censura directa)
Apure,"Cuenta en Facebook, Cuenta en TikTok, Radio (AM o FM), Radio transmitida vía web",Comunitario,"Deporte local, Economía y desarrollo local, Medio ambiente y sostenibilidad, Temas sociales locales (como salud, educación, transporte, servicios públicos)","Contenidos puntuales patrocinados, Talleres / Capacitaciones","Restricciones o impedimentos externos para cubrir ciertos temas (censura directa), Decisiones de no cubrir ciertos contenidos por precaución (autocensura), Presiones indirectas que influyen en la cobertura (por ejemplo, económicas, políticas o de seguridad)"
Apure,"Canal o grupo de mensajería en Whatsapp, Canal o grupo de mensajería en Telegram, Cuenta en Instagram, Cuenta en Facebook, Cuenta en TikTok, Cuenta en X, Cuenta en Youtube, Periodismo cara a cara, Portal web de noticias, Radio (AM o FM)","Organización sin fines de lucro (asociación civil, fundación, ONG)","Arte y cultura local, Deporte local, Economía y desarrollo local, Gobierno y política local, Medio ambiente y sostenibilidad, Sucesos, seguridad y convivencia ciudadana, Temas sociales locales (como salud, educación, transporte, servicios públicos)","Contenidos puntuales patrocinados, Publicidad, Subvenciones o financiamiento internacional, Talleres / Capacitaciones","Restricciones o impedimentos externos para cubrir ciertos temas (censura directa), Decisiones de no cubrir ciertos contenidos por precaución (autocensura), Presiones indirectas que influyen en la cobertura (por ejemplo, económicas, políticas o de seguridad)"
Apure,"Cuenta en Instagram, Cuenta en X, Periodismo cara a cara","Organización sin fines de lucro (asociación civil, fundación, ONG)","Arte y cultura local, Deporte local, Economía y desarrollo local, Investigación y vigilancia al poder, Medio ambiente y sostenibilidad, Sucesos, seguridad y convivencia ciudadana, Temas sociales locales (como salud, educación, transporte, servicios públicos)",Subvenciones o financiamiento internacional,"Decisiones de no cubrir ciertos contenidos por precaución (autocensura), Presiones indirectas que influyen en la cobertura (por ejemplo, económicas, políticas o de seguridad)"
Apure,Canal o grupo de mensajería en Whatsapp,Comunitario,"Economía y desarrollo local, Gobierno y política local, Medio ambiente y sostenibilidad, Sucesos, seguridad y convivencia ciudadana, Temas sociales locales (como salud, educación, transporte, servicios públicos)",Publicidad,Decisiones de no cubrir ciertos contenidos por precaución (autocensura)
Apure,"Canal o grupo de mensajería en Whatsapp, Cuenta en Instagram, Cuenta en Facebook, Cuenta en TikTok, Cuenta en X, Cuenta en Youtube, Portal web de noticias, TV (señal abierta o cable), TV transmitida vía web",Privado,"Gobierno y política local, Sucesos, seguridad y convivencia ciudadana, Temas sociales locales (como salud, educación, transporte, servicios públicos)","Contenidos puntuales patrocinados, Publicidad",No ha enfrentado este tipo de situaciones
Apure,"Cuenta en Instagram, Cuenta en Facebook, Cuenta en TikTok, Cuenta en Youtube, Podcast, TV (señal abierta o cable)",Privado,"Arte y cultura local, Deporte local, Gobierno y política local, Sucesos, seguridad y convivencia ciudadana, Temas sociales locales (como salud, educación, transporte, servicios públicos)",Publicidad,"Decisiones de no cubrir ciertos contenidos por precaución (autocensura), Presiones indirectas que influyen en la cobertura (por ejemplo, económicas, políticas o de seguridad)"
Apure,"Canal o grupo de mensajería en Whatsapp, Canal o grupo de mensajería en Telegram, Cuenta en Instagram, Cuenta en Facebook, Cuenta en TikTok, Cuenta en X, Radio transmitida vía web",Privado,"Arte y cultura local, Deporte local, Economía y desarrollo local, Gobierno y política local, Investigación y vigilancia al poder, Medio ambiente y sostenibilidad, Sucesos, seguridad y convivencia ciudadana, Temas sociales locales (como salud, educación, transporte, servicios públicos)","Aportes monetarios de los fundadores y/o el equipo, Publicidad, Talleres / Capacitaciones",No ha enfrentado este tipo de situaciones
Apure,"Canal o grupo de mensajería en Whatsapp, Cuenta en Instagram, Cuenta en Facebook, Cuenta en TikTok, Cuenta en X, Cuenta en Youtube",Privado,"Arte y cultura local, Economía y desarrollo local, Gobierno y política local, Sucesos, seguridad y convivencia ciudadana, Temas sociales locales (como salud, educación, transporte, servicios públicos)","Aportes monetarios de los fundadores y/o el equipo, Publicidad","Decisiones de no cubrir ciertos contenidos por precaución (autocensura), Presiones indirectas que influyen en la cobertura (por ejemplo, económicas, políticas o de seguridad)"
Apure,"Canal o grupo de mensajería en Whatsapp, Canal o grupo de mensajería en Telegram, Cuenta en Instagram, Cuenta en Facebook, Cuenta en TikTok, Cuenta en X, Cuenta en Youtube",Privado,"Arte y cultura local, Deporte local, Economía y desarrollo local, Gobierno y política local, Investigación y vigilancia al poder, Medio ambiente y sostenibilidad, Sucesos, seguridad y convivencia ciudadana, Temas sociales locales (como salud, educación, transporte, servicios públicos)","Subvenciones o financiamiento internacional, Publicidad","Restricciones o impedimentos externos para cubrir ciertos temas (censura directa), Decisiones de no cubrir ciertos contenidos por precaución (autocensura), Presiones indirectas que influyen en la cobertura (por ejemplo, económicas, políticas o de seguridad), No ha enfrentado este tipo de situaciones"
Apure,"Cuenta en Instagram, Radio (AM o FM), Radio transmitida vía web",Privado,"Arte y cultura local, Gobierno y política local, Medio ambiente y sostenibilidad, Temas sociales locales (como salud, educación, transporte, servicios públicos)",No hay ninguna fuente de ingresos,Restricciones o impedimentos externos para cubrir ciertos temas (censura directa)
Apure,"Canal o grupo de mensajería en Whatsapp, Radio (AM o FM)",Privado,"Arte y cultura local, Deporte local, Economía y desarrollo local, Medio ambiente y sostenibilidad, Sucesos, seguridad y convivencia ciudadana, Temas sociales locales (como salud, educación, transporte, servicios públicos)",Publicidad,"Decisiones de no cubrir ciertos contenidos por precaución (autocensura), Presiones indirectas que influyen en la cobertura (por ejemplo, económicas, políticas o de seguridad)"
Apure,"Cuenta en Instagram, Cuenta en Facebook, Cuenta en TikTok, Radio (AM o FM), Radio transmitida vía web",Privado,"Arte y cultura local, Deporte local",No se maneja esta información,No se maneja esta información
Apure,"Canal o grupo de mensajería en Telegram, Cuenta en Instagram, Cuenta en Facebook, Cuenta en TikTok, Cuenta en X, Cuenta en Youtube, Periódico (impreso), Portal web de noticias",Privado,"Arte y cultura local, Deporte local, Economía y desarrollo local, Gobierno y política local, Sucesos, seguridad y convivencia ciudadana, Temas sociales locales (como salud, educación, transporte, servicios públicos)",Publicidad,No se maneja esta información
Apure,"Cuenta en Instagram, Cuenta en Facebook, Cuenta en TikTok, Cuenta en X, Portal web de noticias",No se maneja esta información,"Arte y cultura local, Deporte local, Economía y desarrollo local, Gobierno y política local, Sucesos, seguridad y convivencia ciudadana, Temas sociales locales (como salud, educación, transporte, servicios públicos)",No se maneja esta información,No se maneja esta información
Apure,"Canal o grupo de mensajería en Telegram, Cuenta en Instagram, Cuenta en Facebook",No se maneja esta información,"Arte y cultura local, Deporte local, Economía y desarrollo local, Gobierno y política local, Sucesos, seguridad y convivencia ciudadana, Temas sociales locales (como salud, educación, transporte, servicios públicos)",No se maneja esta información,No se maneja esta información
Apure,"Canal o grupo de mensajería en Telegram, Cuenta en Instagram, Cuenta en Facebook, Cuenta en TikTok, Cuenta en X, Cuenta en Youtube, Portal web de noticias, TV (señal abierta o cable), TV transmitida vía web",Estatal,"Arte y cultura local, Deporte local, Gobierno y política local, Temas sociales locales (como salud, educación, transporte, servicios públicos)","Fondos gubernamentales, Publicidad",No se maneja esta información
Apure,"Cuenta en Instagram, Cuenta en TikTok, Cuenta en Youtube, TV (señal abierta o cable)",Estatal,"Arte y cultura local, Deporte local, Gobierno y política local, Temas sociales locales (como salud, educación, transporte, servicios públicos)",No se maneja esta información,No se maneja esta información
Apure,"Canal o grupo de mensajería en Whatsapp, Canal o grupo de mensajería en Telegram, Cuenta en Instagram, Cuenta en TikTok, Podcast, TV (señal abierta o cable), TV transmitida vía web",Privado,"Arte y cultura local, Gobierno y política local, Temas sociales locales (como salud, educación, transporte, servicios públicos)","Contenidos puntuales patrocinados, Publicidad",No se maneja esta información
Apure,"Canal o grupo de mensajería en Telegram, Cuenta en Instagram, Cuenta en Facebook, Cuenta en TikTok, Cuenta en X, Cuenta en Youtube, Portal web de noticias, TV (señal abierta o cable)",Privado,"Arte y cultura local, Economía y desarrollo local, Gobierno y política local, Sucesos, seguridad y convivencia ciudadana, Temas sociales locales (como salud, educación, transporte, servicios públicos)","Contenidos puntuales patrocinados, Publicidad",No se maneja esta información
Aragua,"Canal o grupo de mensajería en Whatsapp, Cuenta en Instagram, Cuenta en Facebook, Radio (AM o FM)",Privado,"Arte y cultura local, Deporte local, Economía y desarrollo local, Gobierno y política local, Temas sociales locales (como salud, educación, transporte, servicios públicos)",Publicidad,Decisiones de no cubrir ciertos contenidos por precaución (autocensura)
Aragua,"Canal o grupo de mensajería en Whatsapp, Cuenta en Instagram, Radio (AM o FM), Radio transmitida vía web",Privado,"Arte y cultura local, Deporte local, Economía y desarrollo local, Gobierno y política local, Sucesos, seguridad y convivencia ciudadana, Temas sociales locales (como salud, educación, transporte, servicios públicos)","Contenidos puntuales patrocinados, Publicidad",Decisiones de no cubrir ciertos contenidos por precaución (autocensura)
Aragua,"Canal o grupo de mensajería en Whatsapp, Cuenta en Instagram, Radio (AM o FM), Radio transmitida vía web",Privado,"Arte y cultura local, Deporte local, Economía y desarrollo local, Gobierno y política local, Medio ambiente y sostenibilidad, Sucesos, seguridad y convivencia ciudadana, Temas sociales locales (como salud, educación, transporte, servicios públicos)","Contenidos puntuales patrocinados, Publicidad",Decisiones de no cubrir ciertos contenidos por precaución (autocensura)
Aragua,Cuenta en Instagram,No sabe / Prefiere no responder,"Economía y desarrollo local, Medio ambiente y sostenibilidad, Sucesos, seguridad y convivencia ciudadana, Temas sociales locales (como salud, educación, transporte, servicios públicos)",No hay ninguna fuente de ingresos,No ha enfrentado este tipo de situaciones
Aragua,"Cuenta en Instagram, Cuenta en Facebook, Radio (AM o FM), Radio transmitida vía web",Privado,"Arte y cultura local, Deporte local, Economía y desarrollo local, Temas sociales locales (como salud, educación, transporte, servicios públicos)",Publicidad,Decisiones de no cubrir ciertos contenidos por precaución (autocensura)
Aragua,"Cuenta en Instagram, Cuenta en Facebook, Cuenta en TikTok, Cuenta en X, Cuenta en Youtube, Portal web de noticias, Radio (AM o FM), Radio transmitida vía web",Comunitario,"Arte y cultura local, Deporte local, Economía y desarrollo local, Gobierno y política local, Medio ambiente y sostenibilidad, Sucesos, seguridad y convivencia ciudadana, Temas sociales locales (como salud, educación, transporte, servicios públicos)","Contenidos puntuales patrocinados, Publicidad",Restricciones o impedimentos externos para cubrir ciertos temas (censura directa)
Aragua,"Cuenta en Instagram, Radio (AM o FM), Radio transmitida vía web",Comunitario,"Arte y cultura local, Deporte local, Economía y desarrollo local","Donaciones de empresas, Fondos gubernamentales, Publicidad",Restricciones o impedimentos externos para cubrir ciertos temas (censura directa)
Aragua,"Cuenta en Instagram, Cuenta en Facebook, Cuenta en TikTok",Privado,"Arte y cultura local, Deporte local, Economía y desarrollo local, Gobierno y política local, Sucesos, seguridad y convivencia ciudadana, Temas sociales locales (como salud, educación, transporte, servicios públicos)","Aportes monetarios de los fundadores y/o el equipo, Contenidos puntuales patrocinados, Publicidad",Decisiones de no cubrir ciertos contenidos por precaución (autocensura)
Aragua,"Canal o grupo de mensajería en Whatsapp, Cuenta en Instagram, Cuenta en Facebook, Cuenta en TikTok, Cuenta en X, Radio (AM o FM), Radio transmitida vía web",Privado,"Arte y cultura local, Deporte local, Economía y desarrollo local, Gobierno y política local, Sucesos, seguridad y convivencia ciudadana, Temas sociales locales (como salud, educación, transporte, servicios públicos)","Contenidos puntuales patrocinados, Publicidad",Decisiones de no cubrir ciertos contenidos por precaución (autocensura)
Aragua,"Canal o grupo de mensajería en Whatsapp, Cuenta en Instagram, Cuenta en Facebook, Radio (AM o FM), Radio transmitida vía web",Privado,"Arte y cultura local, Deporte local, Economía y desarrollo local, Gobierno y política local, Sucesos, seguridad y convivencia ciudadana, Temas sociales locales (como salud, educación, transporte, servicios públicos)","Contenidos puntuales patrocinados, Publicidad",Decisiones de no cubrir ciertos contenidos por precaución (autocensura)
Aragua,"Canal o grupo de mensajería en Whatsapp, Cuenta en Instagram, Radio (AM o FM), Radio transmitida vía web",Privado,"Arte y cultura local, Deporte local, Economía y desarrollo local, Gobierno y política local, Sucesos, seguridad y convivencia ciudadana, Temas sociales locales (como salud, educación, transporte, servicios públicos)",Publicidad,Decisiones de no cubrir ciertos contenidos por precaución (autocensura)
Aragua,"Cuenta en Instagram, Radio (AM o FM), Radio transmitida vía web",Comunitario,"Arte y cultura local, Deporte local, Economía y desarrollo local, Temas sociales locales (como salud, educación, transporte, servicios públicos)","Aportes monetarios de los fundadores y/o el equipo, Publicidad",Decisiones de no cubrir ciertos contenidos por precaución (autocensura)
Aragua,"Cuenta en Instagram, Cuenta en Facebook, Cuenta en TikTok, Cuenta en X, Cuenta en Youtube, Portal web de noticias, Radio transmitida vía web",Privado,"Arte y cultura local, Deporte local, Temas sociales locales (como salud, educación, transporte, servicios públicos)","Aportes monetarios de los fundadores y/o el equipo, Contenidos puntuales patrocinados, Publicidad",Decisiones de no cubrir ciertos contenidos por precaución (autocensura)
Aragua,"Canal o grupo de mensajería en Whatsapp, Canal o grupo de mensajería en Telegram, Cuenta en Instagram, Cuenta en Facebook, Cuenta en X, Portal web de noticias",Proyecto u organización sin figura jurídica,"Economía y desarrollo local, Temas sociales locales (como salud, educación, transporte, servicios públicos)",Subvenciones o financiamiento internacional,No ha enfrentado este tipo de situaciones
Aragua,"Cuenta en Instagram, Cuenta en Facebook, Cuenta en Youtube",Estatal,"Arte y cultura local, Deporte local, Economía y desarrollo local, Gobierno y política local, Sucesos, seguridad y convivencia ciudadana, Temas sociales locales (como salud, educación, transporte, servicios públicos)","Fondos gubernamentales, Publicidad",Restricciones o impedimentos externos para cubrir ciertos temas (censura directa)
Aragua,"Cuenta en Instagram, Cuenta en Facebook, Radio (AM o FM), Radio transmitida vía web",Comunitario,"Arte y cultura local, Deporte local, Economía y desarrollo local, Medio ambiente y sostenibilidad, Sucesos, seguridad y convivencia ciudadana, Temas sociales locales (como salud, educación, transporte, servicios públicos)",Publicidad,Decisiones de no cubrir ciertos contenidos por precaución (autocensura)
Aragua,"Canal o grupo de mensajería en Whatsapp, Cuenta en Instagram, Cuenta en Facebook, Cuenta en X, Portal web de noticias",Privado,"Arte y cultura local, Deporte local, Economía y desarrollo local, Gobierno y política local, Medio ambiente y sostenibilidad, Sucesos, seguridad y convivencia ciudadana, Temas sociales locales (como salud, educación, transporte, servicios públicos)","Contenidos puntuales patrocinados, Publicidad",Decisiones de no cubrir ciertos contenidos por precaución (autocensura)
Aragua,"Canal o grupo de mensajería en Whatsapp, Cuenta en Instagram, Cuenta en X, Radio (AM o FM), Radio transmitida vía web",Privado,"Arte y cultura local, Deporte local, Economía y desarrollo local, Gobierno y política local, Medio ambiente y sostenibilidad, Sucesos, seguridad y convivencia ciudadana, Temas sociales locales (como salud, educación, transporte, servicios públicos)","Contenidos puntuales patrocinados, Publicidad","Restricciones o impedimentos externos para cubrir ciertos temas (censura directa), Decisiones de no cubrir ciertos contenidos por precaución (autocensura)"
Aragua,"Canal o grupo de mensajería en Whatsapp, Cuenta en Instagram, Cuenta en Facebook, Cuenta en X, Radio (AM o FM), Radio transmitida vía web",Privado,"Arte y cultura local, Deporte local, Temas sociales locales (como salud, educación, transporte, servicios públicos)","Contenidos puntuales patrocinados, Publicidad",Decisiones de no cubrir ciertos contenidos por precaución (autocensura)
Aragua,"Cuenta en Instagram, Radio (AM o FM), Radio transmitida vía web",Comunitario,"Arte y cultura local, Deporte local, Temas sociales locales (como salud, educación, transporte, servicios públicos)","Contenidos puntuales patrocinados, Publicidad",Decisiones de no cubrir ciertos contenidos por precaución (autocensura)
Aragua,"Canal o grupo de mensajería en Whatsapp, Cuenta en Instagram, Cuenta en Facebook, Cuenta en TikTok, Radio (AM o FM), Radio transmitida vía web",Privado,"Arte y cultura local, Deporte local, Economía y desarrollo local, Gobierno y política local, Sucesos, seguridad y convivencia ciudadana, Temas sociales locales (como salud, educación, transporte, servicios públicos)",Publicidad,Decisiones de no cubrir ciertos contenidos por precaución (autocensura)
Aragua,"Canal o grupo de mensajería en Whatsapp, Cuenta en Instagram, Radio (AM o FM), Radio transmitida vía web",Privado,"Arte y cultura local, Deporte local, Temas sociales locales (como salud, educación, transporte, servicios públicos)",Publicidad,Decisiones de no cubrir ciertos contenidos por precaución (autocensura)
Aragua,"Cuenta en Instagram, Cuenta en Facebook, Radio (AM o FM), Radio transmitida vía web",Estatal,"Arte y cultura local, Deporte local, Economía y desarrollo local, Gobierno y política local, Medio ambiente y sostenibilidad, Sucesos, seguridad y convivencia ciudadana, Temas sociales locales (como salud, educación, transporte, servicios públicos)",Fondos gubernamentales,Restricciones o impedimentos externos para cubrir ciertos temas (censura directa)
Aragua,"Cuenta en Instagram, Radio (AM o FM), Radio transmitida vía web",Estatal,"Arte y cultura local, Deporte local, Economía y desarrollo local, Gobierno y política local, Sucesos, seguridad y convivencia ciudadana, Temas sociales locales (como salud, educación, transporte, servicios públicos)","Contenidos puntuales patrocinados, Fondos gubernamentales",Restricciones o impedimentos externos para cubrir ciertos temas (censura directa)
Aragua,"Cuenta en Instagram, Cuenta en Facebook, Cuenta en TikTok, Cuenta en Youtube, TV (señal abierta o cable)",Privado,"Arte y cultura local, Deporte local, Economía y desarrollo local, Gobierno y política local, Medio ambiente y sostenibilidad, Sucesos, seguridad y convivencia ciudadana, Temas sociales locales (como salud, educación, transporte, servicios públicos)","Contenidos puntuales patrocinados, Publicidad",Decisiones de no cubrir ciertos contenidos por precaución (autocensura)
Aragua,"Cuenta en Instagram, Cuenta en Facebook, Cuenta en X, Radio (AM o FM), Radio transmitida vía web",Estatal,"Arte y cultura local, Deporte local, Economía y desarrollo local, Gobierno y política local, Temas sociales locales (como salud, educación, transporte, servicios públicos)",Fondos gubernamentales,Restricciones o impedimentos externos para cubrir ciertos temas (censura directa)
Aragua,"Canal o grupo de mensajería en Whatsapp, Canal o grupo de mensajería en Telegram, Cuenta en Instagram, Cuenta en Facebook, Cuenta en TikTok, Cuenta en X, Cuenta en Youtube, Portal web de noticias, TV (señal abierta o cable)",Estatal,"Arte y cultura local, Deporte local, Economía y desarrollo local, Gobierno y política local, Sucesos, seguridad y convivencia ciudadana, Temas sociales locales (como salud, educación, transporte, servicios públicos)",Fondos gubernamentales,Restricciones o impedimentos externos para cubrir ciertos temas (censura directa)
Aragua,"Cuenta en Instagram, Cuenta en Facebook, Radio (AM o FM), Radio transmitida vía web",Privado,"Arte y cultura local, Deporte local, Economía y desarrollo local, Gobierno y política local, Sucesos, seguridad y convivencia ciudadana, Temas sociales locales (como salud, educación, transporte, servicios públicos)",Publicidad,Decisiones de no cubrir ciertos contenidos por precaución (autocensura)
Aragua,"Cuenta en Instagram, Radio (AM o FM), Radio transmitida vía web",Comunitario,"Arte y cultura local, Deporte local, Economía y desarrollo local",Publicidad,Decisiones de no cubrir ciertos contenidos por precaución (autocensura)
Aragua,"Cuenta en Instagram, Cuenta en Facebook, Cuenta en TikTok, Cuenta en X, Cuenta en Youtube, Periódico (impreso), Portal web de noticias",Privado,"Arte y cultura local, Deporte local, Economía y desarrollo local, Gobierno y política local, Sucesos, seguridad y convivencia ciudadana, Temas sociales locales (como salud, educación, transporte, servicios públicos)",Publicidad,Decisiones de no cubrir ciertos contenidos por precaución (autocensura)
Aragua,"Cuenta en Instagram, Cuenta en Facebook, Cuenta en X, Portal web de noticias",Privado,"Arte y cultura local, Economía y desarrollo local, Gobierno y política local, Sucesos, seguridad y convivencia ciudadana, Temas sociales locales (como salud, educación, transporte, servicios públicos)","Contenidos puntuales patrocinados, Publicidad","Decisiones de no cubrir ciertos contenidos por precaución (autocensura), Presiones indirectas que influyen en la cobertura (por ejemplo, económicas, políticas o de seguridad)"
Aragua,"Cuenta en Instagram, Cuenta en Facebook, Cuenta en TikTok, Cuenta en X, Cuenta en Youtube, TV (señal abierta o cable), TV transmitida vía web",Privado,"Arte y cultura local, Deporte local, Economía y desarrollo local, Gobierno y política local, Sucesos, seguridad y convivencia ciudadana, Temas sociales locales (como salud, educación, transporte, servicios públicos)","Aportes monetarios de los fundadores y/o el equipo, Contenidos puntuales patrocinados, Publicidad",Decisiones de no cubrir ciertos contenidos por precaución (autocensura)
Aragua,"Canal o grupo de mensajería en Whatsapp, Cuenta en Instagram, Cuenta en Facebook, Radio (AM o FM), Radio transmitida vía web",Comunitario,"Arte y cultura local, Deporte local, Temas sociales locales (como salud, educación, transporte, servicios públicos)","Contenidos puntuales patrocinados, Publicidad",Decisiones de no cubrir ciertos contenidos por precaución (autocensura)
Aragua,"Canal o grupo de mensajería en Whatsapp, Cuenta en Instagram, Radio (AM o FM)",Comunitario,"Arte y cultura local, Deporte local, Economía y desarrollo local, Temas sociales locales (como salud, educación, transporte, servicios públicos)",Contenidos puntuales patrocinados,Decisiones de no cubrir ciertos contenidos por precaución (autocensura)
Aragua,"Cuenta en Instagram, Cuenta en Facebook, Cuenta en TikTok, Radio (AM o FM)",Comunitario,"Arte y cultura local, Deporte local, Economía y desarrollo local, Temas sociales locales (como salud, educación, transporte, servicios públicos)","Aportes monetarios de los fundadores y/o el equipo, Contenidos puntuales patrocinados",Decisiones de no cubrir ciertos contenidos por precaución (autocensura)
Aragua,"Canal o grupo de mensajería en Whatsapp, Canal o grupo de mensajería en Telegram, Cuenta en Instagram, Cuenta en Facebook, Cuenta en TikTok, Cuenta en X, Cuenta en Youtube, Radio (AM o FM), Radio transmitida vía web",Privado,"Arte y cultura local, Deporte local, Economía y desarrollo local, Gobierno y política local, Sucesos, seguridad y convivencia ciudadana, Temas sociales locales (como salud, educación, transporte, servicios públicos)","Aportes monetarios de los fundadores y/o el equipo, Contenidos puntuales patrocinados, Publicidad",Decisiones de no cubrir ciertos contenidos por precaución (autocensura)
Aragua,"Canal o grupo de mensajería en Whatsapp, Canal o grupo de mensajería en Telegram, Cuenta en Instagram, Cuenta en Facebook, Cuenta en X, Cuenta en Youtube, Periódico (impreso)",Privado,"Economía y desarrollo local, Gobierno y política local, Sucesos, seguridad y convivencia ciudadana, Temas sociales locales (como salud, educación, transporte, servicios públicos)",Publicidad,No se maneja esta información
Aragua,"Cuenta en Instagram, Cuenta en Facebook, Cuenta en X, Portal web de noticias",Privado,"Arte y cultura local, Deporte local, Economía y desarrollo local, Gobierno y política local, Sucesos, seguridad y convivencia ciudadana, Temas sociales locales (como salud, educación, transporte, servicios públicos)",Publicidad,No se maneja esta información
Aragua,"Canal o grupo de mensajería en Telegram, Cuenta en Instagram, Cuenta en Facebook, Cuenta en TikTok, Cuenta en X, Cuenta en Youtube, Periódico (impreso), Portal web de noticias",Privado,"Arte y cultura local, Deporte local, Economía y desarrollo local, Gobierno y política local, Sucesos, seguridad y convivencia ciudadana, Temas sociales locales (como salud, educación, transporte, servicios públicos)",Publicidad,No se maneja esta información
Barinas,"Canal o grupo de mensajería en Whatsapp, Cuenta en Instagram, Cuenta en Facebook, Cuenta en X, Cuenta en Youtube, Portal web de noticias, TV transmitida vía web",Proyecto u organización sin figura jurídica,"Arte y cultura local, Deporte local, Economía y desarrollo local, Gobierno y política local, Investigación y vigilancia al poder, Sucesos, seguridad y convivencia ciudadana, Temas sociales locales (como salud, educación, transporte, servicios públicos)","Campañas de financiamiento colectivo (crowdfunding), Contenidos puntuales patrocinados, Publicidad","Decisiones de no cubrir ciertos contenidos por precaución (autocensura), Presiones indirectas que influyen en la cobertura (por ejemplo, económicas, políticas o de seguridad)"
Barinas,"Canal o grupo de mensajería en Whatsapp, Cuenta en Instagram, Radio (AM o FM)",Privado,"Arte y cultura local, Deporte local, Economía y desarrollo local, Gobierno y política local, Investigación y vigilancia al poder, Medio ambiente y sostenibilidad, Sucesos, seguridad y convivencia ciudadana, Temas sociales locales (como salud, educación, transporte, servicios públicos)",Publicidad,No ha enfrentado este tipo de situaciones
Barinas,"Canal o grupo de mensajería en Whatsapp, Cuenta en Instagram, Cuenta en Facebook, Cuenta en TikTok",No sabe / Prefiere no responder,"Arte y cultura local, Deporte local, Economía y desarrollo local, Gobierno y política local, Investigación y vigilancia al poder, Medio ambiente y sostenibilidad, Sucesos, seguridad y convivencia ciudadana, Temas sociales locales (como salud, educación, transporte, servicios públicos)",Publicidad,Decisiones de no cubrir ciertos contenidos por precaución (autocensura)
Barinas,"Cuenta en Instagram, Cuenta en Facebook, Cuenta en TikTok",No sabe / Prefiere no responder,"Arte y cultura local, Deporte local, Economía y desarrollo local, Gobierno y política local, Investigación y vigilancia al poder, Sucesos, seguridad y convivencia ciudadana, Temas sociales locales (como salud, educación, transporte, servicios públicos)",Publicidad,No ha enfrentado este tipo de situaciones
Barinas,"Canal o grupo de mensajería en Whatsapp, Cuenta en Instagram, Cuenta en Facebook, Portal web de noticias",Privado,"Arte y cultura local, Deporte local, Economía y desarrollo local, Gobierno y política local, Investigación y vigilancia al poder, Sucesos, seguridad y convivencia ciudadana, Temas sociales locales (como salud, educación, transporte, servicios públicos)","Contenidos puntuales patrocinados, Eventos, Publicidad",No ha enfrentado este tipo de situaciones
Barinas,"Canal o grupo de mensajería en Whatsapp, Canal o grupo de mensajería en Telegram, Cuenta en Instagram, Cuenta en Facebook, Cuenta en TikTok, Periodismo cara a cara",Privado,"Deporte local, Economía y desarrollo local, Gobierno y política local, Medio ambiente y sostenibilidad, Sucesos, seguridad y convivencia ciudadana, Temas sociales locales (como salud, educación, transporte, servicios públicos)","Contenidos puntuales patrocinados, Venta de productos y servicios",Decisiones de no cubrir ciertos contenidos por precaución (autocensura)
Barinas,"Cuenta en TikTok, Radio (AM o FM), Radio transmitida vía web",Privado,"Arte y cultura local, Deporte local, Economía y desarrollo local, Gobierno y política local, Medio ambiente y sostenibilidad, Sucesos, seguridad y convivencia ciudadana, Temas sociales locales (como salud, educación, transporte, servicios públicos)",Publicidad,"Decisiones de no cubrir ciertos contenidos por precaución (autocensura), Presiones indirectas que influyen en la cobertura (por ejemplo, económicas, políticas o de seguridad)"
Barinas,"Canal o grupo de mensajería en Whatsapp, Canal o grupo de mensajería en Telegram, Cuenta en Instagram, Cuenta en Facebook, Cuenta en TikTok, Radio (AM o FM)",No sabe / Prefiere no responder,"Arte y cultura local, Deporte local, Gobierno y política local, Investigación y vigilancia al poder, Sucesos, seguridad y convivencia ciudadana, Temas sociales locales (como salud, educación, transporte, servicios públicos)",No hay ninguna fuente de ingresos,Restricciones o impedimentos externos para cubrir ciertos temas (censura directa)
Barinas,"Canal o grupo de mensajería en Whatsapp, Cuenta en Instagram, Cuenta en Facebook, Cuenta en TikTok, Cuenta en X, Cuenta en Youtube, Portal web de noticias, TV (señal abierta o cable), TV transmitida vía web",Privado,"Economía y desarrollo local, Gobierno y política local, Medio ambiente y sostenibilidad, Sucesos, seguridad y convivencia ciudadana, Temas sociales locales (como salud, educación, transporte, servicios públicos)","Contenidos puntuales patrocinados, Publicidad","Restricciones o impedimentos externos para cubrir ciertos temas (censura directa), Decisiones de no cubrir ciertos contenidos por precaución (autocensura)"
Barinas,"Canal o grupo de mensajería en Telegram, Cuenta en Instagram, Cuenta en Facebook, Cuenta en TikTok, Cuenta en X, Cuenta en Youtube, Periódico (impreso), Portal web de noticias",Privado,"Economía y desarrollo local, Gobierno y política local, Medio ambiente y sostenibilidad, Sucesos, seguridad y convivencia ciudadana, Temas sociales locales (como salud, educación, transporte, servicios públicos)",Publicidad,"Presiones indirectas que influyen en la cobertura (por ejemplo, económicas, políticas o de seguridad)"
Barinas,"Canal o grupo de mensajería en Whatsapp, Canal o grupo de mensajería en Telegram, Cuenta en Instagram, Cuenta en TikTok, Podcast, TV (señal abierta o cable), TV transmitida vía web",Privado,"Arte y cultura local, Deporte local, Economía y desarrollo local, Gobierno y política local, Investigación y vigilancia al poder, Medio ambiente y sostenibilidad, Sucesos, seguridad y convivencia ciudadana, Temas sociales locales (como salud, educación, transporte, servicios públicos)","Contenidos puntuales patrocinados, Publicidad","Decisiones de no cubrir ciertos contenidos por precaución (autocensura), Presiones indirectas que influyen en la cobertura (por ejemplo, económicas, políticas o de seguridad)"
Barinas,"Canal o grupo de mensajería en Whatsapp, Radio (AM o FM), Radio transmitida vía web",Privado,"Deporte local, Economía y desarrollo local, Gobierno y política local, Sucesos, seguridad y convivencia ciudadana, Temas sociales locales (como salud, educación, transporte, servicios públicos)",Publicidad,"Decisiones de no cubrir ciertos contenidos por precaución (autocensura), Presiones indirectas que influyen en la cobertura (por ejemplo, económicas, políticas o de seguridad)"
Barinas,"Canal o grupo de mensajería en Whatsapp, Canal o grupo de mensajería en Telegram, Cuenta en Instagram, Cuenta en Facebook, Cuenta en TikTok, Cuenta en X, Cuenta en Youtube, Periodismo cara a cara, Podcast, Radio (AM o FM), TV transmitida vía web, Periódico Digital ",Privado,"Arte y cultura local, Deporte local, Economía y desarrollo local, Gobierno y política local, Investigación y vigilancia al poder, Temas sociales locales (como salud, educación, transporte, servicios públicos), ",Aportes monetarios de los fundadores y/o el equipo,"Restricciones o impedimentos externos para cubrir ciertos temas (censura directa), Decisiones de no cubrir ciertos contenidos por precaución (autocensura), Presiones indirectas que influyen en la cobertura (por ejemplo, económicas, políticas o de seguridad)"
Barinas,"Canal o grupo de mensajería en Whatsapp, Cuenta en Instagram, Cuenta en Facebook, Blogspot ",Privado,"Deporte local, Sucesos, seguridad y convivencia ciudadana, Temas sociales locales (como salud, educación, transporte, servicios públicos)",Publicidad,"Restricciones o impedimentos externos para cubrir ciertos temas (censura directa), Decisiones de no cubrir ciertos contenidos por precaución (autocensura)"
Barinas,"Canal o grupo de mensajería en Whatsapp, Cuenta en Instagram, Cuenta en TikTok, Cuenta en Youtube, Radio (AM o FM), Radio transmitida vía web",Privado,"Temas sociales locales (como salud, educación, transporte, servicios públicos)",Publicidad,Restricciones o impedimentos externos para cubrir ciertos temas (censura directa)
Barinas,"Canal o grupo de mensajería en Whatsapp, Canal o grupo de mensajería en Telegram, Cuenta en Instagram, Cuenta en Facebook, Cuenta en TikTok, Cuenta en X, Cuenta en Youtube, Podcast, Portal web de noticias, Radio (AM o FM), TV transmitida vía web",Privado,"Arte y cultura local, Deporte local, Economía y desarrollo local, Gobierno y política local, Medio ambiente y sostenibilidad, Sucesos, seguridad y convivencia ciudadana, Temas sociales locales (como salud, educación, transporte, servicios públicos)",No hay ninguna fuente de ingresos,"Decisiones de no cubrir ciertos contenidos por precaución (autocensura), Presiones indirectas que influyen en la cobertura (por ejemplo, económicas, políticas o de seguridad)"
Barinas,"Canal o grupo de mensajería en Whatsapp, Cuenta en Instagram, Cuenta en Facebook, Cuenta en TikTok",Estatal,"Sucesos, seguridad y convivencia ciudadana","Contenidos puntuales patrocinados, Publicidad",Decisiones de no cubrir ciertos contenidos por precaución (autocensura)
Barinas,Radio (AM o FM),Privado,"Deporte local, Gobierno y política local, Sucesos, seguridad y convivencia ciudadana, Temas sociales locales (como salud, educación, transporte, servicios públicos)",Publicidad,"Restricciones o impedimentos externos para cubrir ciertos temas (censura directa), Decisiones de no cubrir ciertos contenidos por precaución (autocensura)"
Barinas,"Canal o grupo de mensajería en Whatsapp, Canal o grupo de mensajería en Telegram, Cuenta en Instagram, Cuenta en Facebook, Radio (AM o FM)",Privado,"Arte y cultura local, Deporte local, Economía y desarrollo local, Gobierno y política local, Medio ambiente y sostenibilidad, Sucesos, seguridad y convivencia ciudadana, Temas sociales locales (como salud, educación, transporte, servicios públicos)",Publicidad,"Restricciones o impedimentos externos para cubrir ciertos temas (censura directa), Decisiones de no cubrir ciertos contenidos por precaución (autocensura)"
Barinas,Radio (AM o FM),Privado,"Economía y desarrollo local, Gobierno y política local, Sucesos, seguridad y convivencia ciudadana, Temas sociales locales (como salud, educación, transporte, servicios públicos)",Publicidad,Decisiones de no cubrir ciertos contenidos por precaución (autocensura)
Barinas,"Canal o grupo de mensajería en Telegram, Cuenta en Instagram, Cuenta en Facebook, Cuenta en TikTok, Cuenta en X, Cuenta en Youtube, Portal web de noticias, TV (señal abierta o cable)",Privado,"Arte y cultura local, Deporte local, Economía y desarrollo local, Gobierno y política local, Investigación y vigilancia al poder, Medio ambiente y sostenibilidad, Sucesos, seguridad y convivencia ciudadana, Temas sociales locales (como salud, educación, transporte, servicios públicos)","Contenidos puntuales patrocinados, Publicidad",No se maneja esta información
Barinas,"Cuenta en Instagram, Cuenta en Facebook, Cuenta en X, Periódico en formato PDF",Privado,"Arte y cultura local, Deporte local, Economía y desarrollo local, Gobierno y política local, Sucesos, seguridad y convivencia ciudadana, Temas sociales locales (como salud, educación, transporte, servicios públicos)",No se maneja esta información,No se maneja esta información
Barinas,"Cuenta en Instagram, Cuenta en Facebook, Cuenta en Youtube, TV (señal abierta o cable), Tienen presencia en X, pero no publican por esa vía desde 2023",Privado,"Arte y cultura local, Deporte local, Economía y desarrollo local, Gobierno y política local, Sucesos, seguridad y convivencia ciudadana, Temas sociales locales (como salud, educación, transporte, servicios públicos)",No se maneja esta información,No se maneja esta información
Barinas,"Cuenta en Instagram, Cuenta en Facebook, Periódico en formato PDF",Privado,"Arte y cultura local, Deporte local, Economía y desarrollo local, Gobierno y política local, Sucesos, seguridad y convivencia ciudadana, Temas sociales locales (como salud, educación, transporte, servicios públicos)",No se maneja esta información,No se maneja esta información
Barinas,"Canal o grupo de mensajería en Telegram, Cuenta en Instagram, Cuenta en TikTok",No se maneja esta información,"Arte y cultura local, Deporte local, Economía y desarrollo local, Gobierno y política local, Sucesos, seguridad y convivencia ciudadana, Temas sociales locales (como salud, educación, transporte, servicios públicos)",No se maneja esta información,No se maneja esta información
Barinas,"Canal o grupo de mensajería en Telegram, Cuenta en Instagram, Cuenta en Facebook, Cuenta en TikTok",No se maneja esta información,"Arte y cultura local, Deporte local, Economía y desarrollo local, Gobierno y política local, Sucesos, seguridad y convivencia ciudadana, Temas sociales locales (como salud, educación, transporte, servicios públicos)",No se maneja esta información,No se maneja esta información
Barinas,"Canal o grupo de mensajería en Whatsapp, Cuenta en Instagram, Cuenta en Facebook, Cuenta en TikTok",No se maneja esta información,"Economía y desarrollo local, Gobierno y política local, Sucesos, seguridad y convivencia ciudadana, Temas sociales locales (como salud, educación, transporte, servicios públicos)",No se maneja esta información,No se maneja esta información
Barinas,"Cuenta en Instagram, Cuenta en TikTok, Radio (AM o FM), Radio transmitida vía web",No se maneja esta información,"Economía y desarrollo local, Gobierno y política local, Sucesos, seguridad y convivencia ciudadana, Temas sociales locales (como salud, educación, transporte, servicios públicos)",No se maneja esta información,No se maneja esta información
Barinas,"Cuenta en Instagram, Cuenta en Facebook, Cuenta en TikTok, Radio (AM o FM), Radio transmitida vía web",No se maneja esta información,"Arte y cultura local, Deporte local, Gobierno y política local, Sucesos, seguridad y convivencia ciudadana, Temas sociales locales (como salud, educación, transporte, servicios públicos)",No se maneja esta información,No se maneja esta información
Barinas,"Cuenta en Instagram, Cuenta en Facebook, Cuenta en TikTok, Radio (AM o FM), Radio transmitida vía web",No se maneja esta información,"Temas sociales locales (como salud, educación, transporte, servicios públicos)",No se maneja esta información,No se maneja esta información
Barinas,"Cuenta en Instagram, Cuenta en Facebook, Cuenta en TikTok, Radio (AM o FM), Radio transmitida vía web",No se maneja esta información,"Economía y desarrollo local, Gobierno y política local, Sucesos, seguridad y convivencia ciudadana, Temas sociales locales (como salud, educación, transporte, servicios públicos)",No se maneja esta información,No se maneja esta información
Bolívar,"Canal o grupo de mensajería en Whatsapp, Cuenta en Instagram, Cuenta en Facebook, Cuenta en X, Portal web de noticias",Privado,"Arte y cultura local, Deporte local, Economía y desarrollo local, Gobierno y política local, Investigación y vigilancia al poder, Medio ambiente y sostenibilidad, Sucesos, seguridad y convivencia ciudadana, Temas sociales locales (como salud, educación, transporte, servicios públicos)",No sabe / Prefiere no responder,"Restricciones o impedimentos externos para cubrir ciertos temas (censura directa), Decisiones de no cubrir ciertos contenidos por precaución (autocensura), Presiones indirectas que influyen en la cobertura (por ejemplo, económicas, políticas o de seguridad)"
Bolívar,"Canal o grupo de mensajería en Whatsapp, Canal o grupo de mensajería en Telegram, Cuenta en Instagram, Cuenta en Facebook, Cuenta en TikTok, Cuenta en X, Cuenta en Youtube",Privado,"Economía y desarrollo local, Gobierno y política local, Sucesos, seguridad y convivencia ciudadana, Temas sociales locales (como salud, educación, transporte, servicios públicos)","Subvenciones o financiamiento internacional, Publicidad","Decisiones de no cubrir ciertos contenidos por precaución (autocensura), Presiones indirectas que influyen en la cobertura (por ejemplo, económicas, políticas o de seguridad)"
Bolívar,"Canal o grupo de mensajería en Whatsapp, Canal o grupo de mensajería en Telegram, Cuenta en Instagram, Cuenta en Facebook, Cuenta en TikTok, Cuenta en X, Portal web de noticias",Privado,"Arte y cultura local, Deporte local, Economía y desarrollo local, Gobierno y política local, Medio ambiente y sostenibilidad, Sucesos, seguridad y convivencia ciudadana, Temas sociales locales (como salud, educación, transporte, servicios públicos)","Contenidos puntuales patrocinados, Venta de productos y servicios",Prefiere no responder
Bolívar,"Canal o grupo de mensajería en Whatsapp, Cuenta en Instagram, Cuenta en Facebook, Cuenta en TikTok, Cuenta en X, Cuenta en Youtube",Proyecto u organización sin figura jurídica,"Arte y cultura local, Deporte local, Economía y desarrollo local, Gobierno y política local, Sucesos, seguridad y convivencia ciudadana, Temas sociales locales (como salud, educación, transporte, servicios públicos)","Contenidos puntuales patrocinados, Publicidad","Restricciones o impedimentos externos para cubrir ciertos temas (censura directa), Decisiones de no cubrir ciertos contenidos por precaución (autocensura), Presiones indirectas que influyen en la cobertura (por ejemplo, económicas, políticas o de seguridad)"
Bolívar,"Canal o grupo de mensajería en Whatsapp, Cuenta en Instagram, Cuenta en Facebook, Cuenta en X, Cuenta en Youtube, Portal web de noticias","Organización sin fines de lucro (asociación civil, fundación, ONG)","Arte y cultura local, Deporte local, Economía y desarrollo local, Gobierno y política local, Investigación y vigilancia al poder, Medio ambiente y sostenibilidad, Temas sociales locales (como salud, educación, transporte, servicios públicos), Tecnología, emprendimiento, ","Donaciones de la audiencia, membresías o suscripciones",Restricciones o impedimentos externos para cubrir ciertos temas (censura directa)
Bolívar,"Canal o grupo de mensajería en Whatsapp, Cuenta en Instagram, Cuenta en TikTok, Cuenta en Youtube, Portal web de noticias",Firma personal ,"Arte y cultura local, Deporte local, Economía y desarrollo local, Gobierno y política local, Medio ambiente y sostenibilidad, Sucesos, seguridad y convivencia ciudadana, Temas sociales locales (como salud, educación, transporte, servicios públicos)","Aportes monetarios de los fundadores y/o el equipo, Contenidos puntuales patrocinados, Donaciones de empresas, Publicidad",Prefiere no responder
Bolívar,"Cuenta en Instagram, Cuenta en Facebook, Portal web de noticias",Privado,"Arte y cultura local, Deporte local, Economía y desarrollo local, Gobierno y política local, Medio ambiente y sostenibilidad, Temas sociales locales (como salud, educación, transporte, servicios públicos)","Aportes monetarios de los fundadores y/o el equipo, Publicidad, Venta de productos y servicios",Decisiones de no cubrir ciertos contenidos por precaución (autocensura)
Bolívar,"Cuenta en Instagram, Cuenta en Youtube, Portal web de noticias, Radio (AM o FM), Radio transmitida vía web","Organización sin fines de lucro (asociación civil, fundación, ONG)","Gobierno y política local, Medio ambiente y sostenibilidad, Temas sociales locales (como salud, educación, transporte, servicios públicos)","Donaciones de empresas, Fondos gubernamentales, Subvenciones o financiamiento internacional, Talleres / Capacitaciones","Decisiones de no cubrir ciertos contenidos por precaución (autocensura), Presiones indirectas que influyen en la cobertura (por ejemplo, económicas, políticas o de seguridad)"
Bolívar,"Canal o grupo de mensajería en Whatsapp, Cuenta en Instagram, Cuenta en Youtube, Portal web de noticias, Radio (AM o FM), Radio transmitida vía web",No sabe / Prefiere no responder,"Medio ambiente y sostenibilidad, Sucesos, seguridad y convivencia ciudadana, Temas sociales locales (como salud, educación, transporte, servicios públicos)","Aportes monetarios de los fundadores y/o el equipo, No sabe / Prefiere no responder",Decisiones de no cubrir ciertos contenidos por precaución (autocensura)
Bolívar,"Canal o grupo de mensajería en Whatsapp, Cuenta en Instagram, Cuenta en Facebook, Cuenta en X, Cuenta en Youtube, Portal web de noticias, TV transmitida vía web",Proyecto u organización sin figura jurídica,"Arte y cultura local, Deporte local, Economía y desarrollo local, Gobierno y política local, Medio ambiente y sostenibilidad, Sucesos, seguridad y convivencia ciudadana, Temas sociales locales (como salud, educación, transporte, servicios públicos)","Campañas de financiamiento colectivo (crowdfunding), Contenidos puntuales patrocinados, Publicidad","Restricciones o impedimentos externos para cubrir ciertos temas (censura directa), Decisiones de no cubrir ciertos contenidos por precaución (autocensura), Presiones indirectas que influyen en la cobertura (por ejemplo, económicas, políticas o de seguridad)"
Bolívar,"Canal o grupo de mensajería en Whatsapp, Canal o grupo de mensajería en Telegram, Cuenta en Instagram, Cuenta en Facebook, Cuenta en X, Portal web de noticias",Proyecto u organización sin figura jurídica,"Economía y desarrollo local, Gobierno y política local, Investigación y vigilancia al poder, Medio ambiente y sostenibilidad, Sucesos, seguridad y convivencia ciudadana, Temas sociales locales (como salud, educación, transporte, servicios públicos)",Subvenciones o financiamiento internacional,"Restricciones o impedimentos externos para cubrir ciertos temas (censura directa), Decisiones de no cubrir ciertos contenidos por precaución (autocensura), Presiones indirectas que influyen en la cobertura (por ejemplo, económicas, políticas o de seguridad)"
Bolívar,"Canal o grupo de mensajería en Whatsapp, Cuenta en Instagram, Cuenta en Facebook, Cuenta en TikTok, Cuenta en X, Periodismo cara a cara, Radio (AM o FM), Radio transmitida vía web",Proyecto u organización sin figura jurídica,"Arte y cultura local, Deporte local, Economía y desarrollo local, Gobierno y política local, Investigación y vigilancia al poder, Medio ambiente y sostenibilidad, Sucesos, seguridad y convivencia ciudadana, Temas sociales locales (como salud, educación, transporte, servicios públicos)","Aportes monetarios de los fundadores y/o el equipo, Publicidad",Decisiones de no cubrir ciertos contenidos por precaución (autocensura)
Bolívar,"Canal o grupo de mensajería en Whatsapp, Canal o grupo de mensajería en Telegram, Portal web de noticias",No sabe / Prefiere no responder,"Arte y cultura local, Deporte local, Economía y desarrollo local, Gobierno y política local, Medio ambiente y sostenibilidad, Sucesos, seguridad y convivencia ciudadana, Temas sociales locales (como salud, educación, transporte, servicios públicos)",No sabe / Prefiere no responder,"Decisiones de no cubrir ciertos contenidos por precaución (autocensura), Presiones indirectas que influyen en la cobertura (por ejemplo, económicas, políticas o de seguridad)"
Bolívar,"Cuenta en Instagram, Cuenta en TikTok",Proyecto u organización sin figura jurídica,"Economía y desarrollo local, Gobierno y política local, Investigación y vigilancia al poder, Medio ambiente y sostenibilidad, Sucesos, seguridad y convivencia ciudadana, Temas sociales locales (como salud, educación, transporte, servicios públicos)",No hay ninguna fuente de ingresos,"Presiones indirectas que influyen en la cobertura (por ejemplo, económicas, políticas o de seguridad)"
Bolívar,"Canal o grupo de mensajería en Whatsapp, Cuenta en Instagram, Cuenta en Facebook, Cuenta en TikTok, Cuenta en X, Cuenta en Youtube, Podcast, Portal web de noticias",Privado,"Arte y cultura local, Deporte local, Economía y desarrollo local, Gobierno y política local, Investigación y vigilancia al poder, Medio ambiente y sostenibilidad, Sucesos, seguridad y convivencia ciudadana, Temas sociales locales (como salud, educación, transporte, servicios públicos)","Publicidad, Venta de productos y servicios","Restricciones o impedimentos externos para cubrir ciertos temas (censura directa), Decisiones de no cubrir ciertos contenidos por precaución (autocensura), Presiones indirectas que influyen en la cobertura (por ejemplo, económicas, políticas o de seguridad)"
Bolívar,"Canal o grupo de mensajería en Whatsapp, Canal o grupo de mensajería en Telegram, Cuenta en Instagram, Cuenta en TikTok, Podcast, TV (señal abierta o cable), TV transmitida vía web",Privado,"Arte y cultura local, Deporte local, Economía y desarrollo local, Gobierno y política local, Temas sociales locales (como salud, educación, transporte, servicios públicos)","Contenidos puntuales patrocinados, Publicidad",Restricciones o impedimentos externos para cubrir ciertos temas (censura directa)
Bolívar,"Cuenta en Instagram, Cuenta en TikTok, Periodismo cara a cara, Podcast, Radio (AM o FM)",Privado,"Arte y cultura local, Deporte local, Economía y desarrollo local, Gobierno y política local, Investigación y vigilancia al poder, Medio ambiente y sostenibilidad, Sucesos, seguridad y convivencia ciudadana, Temas sociales locales (como salud, educación, transporte, servicios públicos), Actualidad, turismo","Aportes monetarios de los fundadores y/o el equipo, Contenidos puntuales patrocinados, Publicidad",Decisiones de no cubrir ciertos contenidos por precaución (autocensura)
Bolívar,"Canal o grupo de mensajería en Whatsapp, Cuenta en Instagram, Cuenta en Facebook, Cuenta en TikTok, Cuenta en Youtube, Podcast, Portal web de noticias, Radio (AM o FM), Radio transmitida vía web",Privado,"Arte y cultura local, Deporte local, Temas sociales locales (como salud, educación, transporte, servicios públicos), Noticias Positivas y que enaltezcan a Ciudad Bolívar",Publicidad,Decisiones de no cubrir ciertos contenidos por precaución (autocensura)
Bolívar,"Canal o grupo de mensajería en Whatsapp, Canal o grupo de mensajería en Telegram, Cuenta en Instagram, Cuenta en Facebook, Cuenta en TikTok, Cuenta en X, Radio (AM o FM), Radio transmitida vía web",Privado,"Arte y cultura local, Deporte local, Economía y desarrollo local, Gobierno y política local, Sucesos, seguridad y convivencia ciudadana, Temas sociales locales (como salud, educación, transporte, servicios públicos)","Contenidos puntuales patrocinados, Publicidad",Decisiones de no cubrir ciertos contenidos por precaución (autocensura)
Bolívar,"Canal o grupo de mensajería en Whatsapp, Canal o grupo de mensajería en Telegram, Cuenta en Instagram, Cuenta en Facebook, Cuenta en TikTok, Cuenta en X, Portal web de noticias",Privado,"Arte y cultura local, Deporte local, Economía y desarrollo local, Gobierno y política local, Sucesos, seguridad y convivencia ciudadana",Aportes monetarios de los fundadores y/o el equipo,Decisiones de no cubrir ciertos contenidos por precaución (autocensura)
Bolívar,"Cuenta en Instagram, Cuenta en Facebook",Proyecto u organización sin figura jurídica,"Arte y cultura local, Deporte local, Economía y desarrollo local, Gobierno y política local, Investigación y vigilancia al poder, Medio ambiente y sostenibilidad, Sucesos, seguridad y convivencia ciudadana, Temas sociales locales (como salud, educación, transporte, servicios públicos)",No hay ninguna fuente de ingresos,Decisiones de no cubrir ciertos contenidos por precaución (autocensura)
Bolívar,"Canal o grupo de mensajería en Whatsapp, Cuenta en Instagram, Cuenta en TikTok, Portal web de noticias",Proyecto u organización sin figura jurídica,"Arte y cultura local, Deporte local, Economía y desarrollo local, Gobierno y política local, Sucesos, seguridad y convivencia ciudadana, Temas sociales locales (como salud, educación, transporte, servicios públicos)",Publicidad,Decisiones de no cubrir ciertos contenidos por precaución (autocensura)
Bolívar,"Cuenta en Instagram, Cuenta en TikTok, Cuenta en X, Cuenta en Youtube, Portal web de noticias, Radio (AM o FM), Radio transmitida vía web",Privado,"Arte y cultura local, Deporte local, Economía y desarrollo local, Gobierno y política local, Medio ambiente y sostenibilidad, Temas sociales locales (como salud, educación, transporte, servicios públicos)","Aportes monetarios de los fundadores y/o el equipo, Contenidos puntuales patrocinados, Publicidad","Decisiones de no cubrir ciertos contenidos por precaución (autocensura), Presiones indirectas que influyen en la cobertura (por ejemplo, económicas, políticas o de seguridad)"
Bolívar,"Canal o grupo de mensajería en Whatsapp, Canal o grupo de mensajería en Telegram, Cuenta en Instagram, Cuenta en Facebook, Cuenta en TikTok, Cuenta en X, Cuenta en Youtube, Periodismo cara a cara, Portal web de noticias","Organización sin fines de lucro (asociación civil, fundación, ONG)","Economía y desarrollo local, Investigación y vigilancia al poder, Medio ambiente y sostenibilidad, Sucesos, seguridad y convivencia ciudadana, Temas sociales locales (como salud, educación, transporte, servicios públicos)","Subvenciones o financiamiento internacional, Publicidad",Prefiere no responder
Bolívar,"Canal o grupo de mensajería en Whatsapp, Canal o grupo de mensajería en Telegram, Cuenta en Instagram, Cuenta en Facebook, Cuenta en X, Cuenta en Youtube, TV transmitida vía web",Privado,"Economía y desarrollo local, Sucesos, seguridad y convivencia ciudadana, Temas sociales locales (como salud, educación, transporte, servicios públicos)","Subvenciones o financiamiento internacional, Publicidad","Presiones indirectas que influyen en la cobertura (por ejemplo, económicas, políticas o de seguridad)"
Bolívar,"Canal o grupo de mensajería en Whatsapp, Canal o grupo de mensajería en Telegram, Cuenta en Instagram, Cuenta en Facebook, Portal web de noticias",Privado,"Arte y cultura local, Deporte local, Economía y desarrollo local, Gobierno y política local, Medio ambiente y sostenibilidad, Sucesos, seguridad y convivencia ciudadana, Temas sociales locales (como salud, educación, transporte, servicios públicos)",No sabe / Prefiere no responder,"Presiones indirectas que influyen en la cobertura (por ejemplo, económicas, políticas o de seguridad)"
Bolívar,"Canal o grupo de mensajería en Whatsapp, Cuenta en Instagram, Cuenta en Facebook, Cuenta en TikTok, Periodismo cara a cara, Radio (AM o FM)",Cooperativa,Arte y cultura local,"Contenidos puntuales patrocinados, Eventos, Publicidad","Decisiones de no cubrir ciertos contenidos por precaución (autocensura), Prefiere no responder"
Bolívar,"Canal o grupo de mensajería en Whatsapp, Cuenta en Instagram, Cuenta en Facebook, Portal web de noticias",Privado,"Arte y cultura local, Deporte local, Gobierno y política local, Sucesos, seguridad y convivencia ciudadana, Temas sociales locales (como salud, educación, transporte, servicios públicos)","Aportes monetarios de los fundadores y/o el equipo, Contenidos puntuales patrocinados, Publicidad","Restricciones o impedimentos externos para cubrir ciertos temas (censura directa), Decisiones de no cubrir ciertos contenidos por precaución (autocensura), Presiones indirectas que influyen en la cobertura (por ejemplo, económicas, políticas o de seguridad)"
Bolívar,"Canal o grupo de mensajería en Whatsapp, Cuenta en Instagram, Cuenta en TikTok, Radio (AM o FM), Radio transmitida vía web",Privado,"Arte y cultura local, Deporte local, Economía y desarrollo local, Gobierno y política local, Temas sociales locales (como salud, educación, transporte, servicios públicos)","Aportes monetarios de los fundadores y/o el equipo, Contenidos puntuales patrocinados, Publicidad","Decisiones de no cubrir ciertos contenidos por precaución (autocensura), Presiones indirectas que influyen en la cobertura (por ejemplo, económicas, políticas o de seguridad)"
Bolívar,"Cuenta en Instagram, Cuenta en Facebook, Portal web de noticias",Privado,"Arte y cultura local, Deporte local, Economía y desarrollo local, Gobierno y política local, Sucesos, seguridad y convivencia ciudadana, Temas sociales locales (como salud, educación, transporte, servicios públicos)","Contenidos puntuales patrocinados, Publicidad","Decisiones de no cubrir ciertos contenidos por precaución (autocensura), Presiones indirectas que influyen en la cobertura (por ejemplo, económicas, políticas o de seguridad)"
Bolívar,"Cuenta en Instagram, Radio (AM o FM)",Privado,"Arte y cultura local, Deporte local, Economía y desarrollo local, Temas sociales locales (como salud, educación, transporte, servicios públicos)",Publicidad,Decisiones de no cubrir ciertos contenidos por precaución (autocensura)
Carabobo,Cuenta en Instagram,No sabe / Prefiere no responder,"Temas sociales locales (como salud, educación, transporte, servicios públicos)",No hay ninguna fuente de ingresos,No ha enfrentado este tipo de situaciones
Carabobo,"Canal o grupo de mensajería en Whatsapp, Cuenta en Instagram, Cuenta en Facebook, Portal web de noticias",Proyecto u organización sin figura jurídica,"Arte y cultura local, Deporte local, Economía y desarrollo local, Gobierno y política local, Sucesos, seguridad y convivencia ciudadana, Temas sociales locales (como salud, educación, transporte, servicios públicos)",Publicidad,"Presiones indirectas que influyen en la cobertura (por ejemplo, económicas, políticas o de seguridad)"
Carabobo,"Canal o grupo de mensajería en Whatsapp, Cuenta en Instagram, Cuenta en Youtube, Portal web de noticias, Radio (AM o FM), Radio transmitida vía web",Privado,Arte y cultura local,Publicidad,Decisiones de no cubrir ciertos contenidos por precaución (autocensura)
Carabobo,"Canal o grupo de mensajería en Telegram, Cuenta en Instagram, Cuenta en X, Portal web de noticias",Privado,"Arte y cultura local, Deporte local, Gobierno y política local, Temas sociales locales (como salud, educación, transporte, servicios públicos)","Aportes monetarios de los fundadores y/o el equipo, Contenidos puntuales patrocinados",No ha enfrentado este tipo de situaciones
Carabobo,"Cuenta en Instagram, Cuenta en Facebook, Cuenta en X, Cuenta en Youtube, Periódico (impreso), Portal web de noticias",Privado,"Arte y cultura local, Gobierno y política local, Sucesos, seguridad y convivencia ciudadana, Temas sociales locales (como salud, educación, transporte, servicios públicos)","Fondos gubernamentales, Publicidad",No ha enfrentado este tipo de situaciones
Carabobo,"Canal o grupo de mensajería en Whatsapp, Canal o grupo de mensajería en Telegram, Cuenta en Instagram, Cuenta en Facebook, Cuenta en X, Cuenta en Youtube, Portal web de noticias",Privado,"Arte y cultura local, Medio ambiente y sostenibilidad","Contenidos puntuales patrocinados, Publicidad",Decisiones de no cubrir ciertos contenidos por precaución (autocensura)
Carabobo,"Cuenta en Instagram, Radio transmitida vía web",Comunitario,"Arte y cultura local, Deporte local, Economía y desarrollo local, Gobierno y política local, Sucesos, seguridad y convivencia ciudadana, Temas sociales locales (como salud, educación, transporte, servicios públicos)",Contenidos puntuales patrocinados,"Presiones indirectas que influyen en la cobertura (por ejemplo, económicas, políticas o de seguridad)"
Carabobo,"Cuenta en Instagram, Cuenta en Facebook, Cuenta en X, Portal web de noticias, Radio (AM o FM), Radio transmitida vía web",Comunitario,"Arte y cultura local, Deporte local, Economía y desarrollo local, Gobierno y política local, Temas sociales locales (como salud, educación, transporte, servicios públicos)","Contenidos puntuales patrocinados, Publicidad","Restricciones o impedimentos externos para cubrir ciertos temas (censura directa), Decisiones de no cubrir ciertos contenidos por precaución (autocensura), Presiones indirectas que influyen en la cobertura (por ejemplo, económicas, políticas o de seguridad)"
Carabobo,"Cuenta en Instagram, Periodismo cara a cara, Portal web de noticias, Radio (AM o FM)",Estatal,"Economía y desarrollo local, Gobierno y política local, Medio ambiente y sostenibilidad, Sucesos, seguridad y convivencia ciudadana, Temas sociales locales (como salud, educación, transporte, servicios públicos)",No hay ninguna fuente de ingresos,"Restricciones o impedimentos externos para cubrir ciertos temas (censura directa), Decisiones de no cubrir ciertos contenidos por precaución (autocensura)"
Carabobo,"Canal o grupo de mensajería en Whatsapp, Cuenta en Instagram, Cuenta en Facebook, Cuenta en TikTok, Cuenta en Youtube, Radio (AM o FM), Radio transmitida vía web",Privado,"Arte y cultura local, Deporte local","Contenidos puntuales patrocinados, Eventos, Publicidad",Decisiones de no cubrir ciertos contenidos por precaución (autocensura)
Carabobo,"Cuenta en Instagram, Cuenta en Facebook, Portal web de noticias",Proyecto u organización sin figura jurídica,"Arte y cultura local, Deporte local, Economía y desarrollo local, Gobierno y política local, Investigación y vigilancia al poder, Medio ambiente y sostenibilidad, Sucesos, seguridad y convivencia ciudadana, Temas sociales locales (como salud, educación, transporte, servicios públicos)",Contenidos puntuales patrocinados,"Decisiones de no cubrir ciertos contenidos por precaución (autocensura), Presiones indirectas que influyen en la cobertura (por ejemplo, económicas, políticas o de seguridad)"
Carabobo,"Canal o grupo de mensajería en Whatsapp, Canal o grupo de mensajería en Telegram, Cuenta en Instagram, Cuenta en Facebook, Cuenta en X, Portal web de noticias",Proyecto u organización sin figura jurídica,"Arte y cultura local, Economía y desarrollo local, Gobierno y política local, Investigación y vigilancia al poder, Medio ambiente y sostenibilidad, Sucesos, seguridad y convivencia ciudadana, Temas sociales locales (como salud, educación, transporte, servicios públicos)",Subvenciones o financiamiento internacional,"Restricciones o impedimentos externos para cubrir ciertos temas (censura directa), Decisiones de no cubrir ciertos contenidos por precaución (autocensura), Presiones indirectas que influyen en la cobertura (por ejemplo, económicas, políticas o de seguridad)"
Carabobo,"Canal o grupo de mensajería en Whatsapp, Canal o grupo de mensajería en Telegram, Cuenta en Instagram, Cuenta en Facebook, Portal web de noticias",Privado,"Temas sociales locales (como salud, educación, transporte, servicios públicos)","Aportes monetarios de los fundadores y/o el equipo, Contenidos puntuales patrocinados",Decisiones de no cubrir ciertos contenidos por precaución (autocensura)
Carabobo,"Radio (AM o FM), Radio transmitida vía web","Organización sin fines de lucro (asociación civil, fundación, ONG)","Arte y cultura local, Economía y desarrollo local, Medio ambiente y sostenibilidad, Temas sociales locales (como salud, educación, transporte, servicios públicos)","Aportes monetarios de los fundadores y/o el equipo, Contenidos puntuales patrocinados, Eventos, Publicidad, Talleres / Capacitaciones",No ha enfrentado este tipo de situaciones
Carabobo,"Cuenta en Instagram, Cuenta en Facebook, Cuenta en TikTok, Cuenta en X, Cuenta en Youtube, Portal web de noticias, Radio (AM o FM)",Estatal,"Arte y cultura local, Deporte local, Economía y desarrollo local, Medio ambiente y sostenibilidad, Temas sociales locales (como salud, educación, transporte, servicios públicos)",Fondos gubernamentales,Decisiones de no cubrir ciertos contenidos por precaución (autocensura)
Carabobo,"Canal o grupo de mensajería en Whatsapp, Cuenta en Instagram, Cuenta en Facebook, Cuenta en TikTok, Cuenta en X, Cuenta en Youtube, Radio (AM o FM), Radio transmitida vía web",Privado,"Arte y cultura local, Deporte local, Economía y desarrollo local, Gobierno y política local, Medio ambiente y sostenibilidad, Temas sociales locales (como salud, educación, transporte, servicios públicos)","Contenidos puntuales patrocinados, Publicidad",Decisiones de no cubrir ciertos contenidos por precaución (autocensura)
Carabobo,"Cuenta en Instagram, Cuenta en Facebook, Cuenta en TikTok, Radio (AM o FM), TV transmitida vía web",Comunitario,"Arte y cultura local, Deporte local, Economía y desarrollo local, Gobierno y política local, Medio ambiente y sostenibilidad, Sucesos, seguridad y convivencia ciudadana, Temas sociales locales (como salud, educación, transporte, servicios públicos)","Donaciones de empresas, Publicidad",Decisiones de no cubrir ciertos contenidos por precaución (autocensura)
Carabobo,"Cuenta en Instagram, Cuenta en Facebook, Radio (AM o FM), Radio transmitida vía web",Comunitario,"Arte y cultura local, Deporte local, Economía y desarrollo local, Gobierno y política local, Temas sociales locales (como salud, educación, transporte, servicios públicos)","Contenidos puntuales patrocinados, Publicidad",Decisiones de no cubrir ciertos contenidos por precaución (autocensura)
Carabobo,"Cuenta en Instagram, Cuenta en Facebook, Cuenta en Youtube, Portal web de noticias, Radio (AM o FM), Radio transmitida vía web",Privado,"Arte y cultura local, Deporte local, Economía y desarrollo local, Gobierno y política local, Sucesos, seguridad y convivencia ciudadana, Temas sociales locales (como salud, educación, transporte, servicios públicos)","Contenidos puntuales patrocinados, Publicidad","Restricciones o impedimentos externos para cubrir ciertos temas (censura directa), Decisiones de no cubrir ciertos contenidos por precaución (autocensura)"
Carabobo,"Canal o grupo de mensajería en Whatsapp, Canal o grupo de mensajería en Telegram, Cuenta en Instagram, Cuenta en Facebook, Periodismo cara a cara, Podcast, Portal web de noticias, Radio (AM o FM), Radio transmitida vía web, TV transmitida vía web",Privado,"Arte y cultura local, Deporte local, Economía y desarrollo local, Gobierno y política local, Medio ambiente y sostenibilidad, Temas sociales locales (como salud, educación, transporte, servicios públicos)","Aportes monetarios de los fundadores y/o el equipo, Contenidos puntuales patrocinados, Publicidad","Presiones indirectas que influyen en la cobertura (por ejemplo, económicas, políticas o de seguridad)"
Carabobo,"Canal o grupo de mensajería en Telegram, Cuenta en Instagram, Cuenta en Facebook, Cuenta en TikTok, Cuenta en X, Portal web de noticias",Comunitario,"Arte y cultura local, Deporte local, Economía y desarrollo local, Gobierno y política local, Medio ambiente y sostenibilidad, Sucesos, seguridad y convivencia ciudadana, Temas sociales locales (como salud, educación, transporte, servicios públicos)",No hay ninguna fuente de ingresos,"Presiones indirectas que influyen en la cobertura (por ejemplo, económicas, políticas o de seguridad)"
Carabobo,"Cuenta en Instagram, TV (señal abierta o cable)",Privado,"Gobierno y política local, Medio ambiente y sostenibilidad, Sucesos, seguridad y convivencia ciudadana, Temas sociales locales (como salud, educación, transporte, servicios públicos)","Publicidad, No hay ninguna fuente de ingresos","Decisiones de no cubrir ciertos contenidos por precaución (autocensura), Presiones indirectas que influyen en la cobertura (por ejemplo, económicas, políticas o de seguridad)"
Carabobo,"Canal o grupo de mensajería en Whatsapp, Cuenta en Instagram, Cuenta en Facebook, Cuenta en X, Portal web de noticias, Likedin",Privado,"Gobierno y política local, Sucesos, seguridad y convivencia ciudadana, Temas sociales locales (como salud, educación, transporte, servicios públicos)",Publicidad,"Decisiones de no cubrir ciertos contenidos por precaución (autocensura), Presiones indirectas que influyen en la cobertura (por ejemplo, económicas, políticas o de seguridad)"
Carabobo,"Cuenta en Instagram, Radio (AM o FM), Radio transmitida vía web",Privado,"Arte y cultura local, Deporte local, Economía y desarrollo local, Gobierno y política local","Aportes monetarios de los fundadores y/o el equipo, Contenidos puntuales patrocinados, Fondos gubernamentales, Publicidad",Decisiones de no cubrir ciertos contenidos por precaución (autocensura)
Carabobo,"Radio (AM o FM), Radio transmitida vía web",Privado,"Arte y cultura local, Deporte local, Economía y desarrollo local, Gobierno y política local","Contenidos puntuales patrocinados, Fondos gubernamentales, Publicidad","Restricciones o impedimentos externos para cubrir ciertos temas (censura directa), Decisiones de no cubrir ciertos contenidos por precaución (autocensura), Presiones indirectas que influyen en la cobertura (por ejemplo, económicas, políticas o de seguridad)"
Carabobo,Radio (AM o FM),Privado,"Arte y cultura local, Deporte local, Economía y desarrollo local, Gobierno y política local, Sucesos, seguridad y convivencia ciudadana, Temas sociales locales (como salud, educación, transporte, servicios públicos)",Publicidad,"Presiones indirectas que influyen en la cobertura (por ejemplo, económicas, políticas o de seguridad)"
Carabobo,"Canal o grupo de mensajería en Whatsapp, Cuenta en Instagram, Cuenta en Facebook, Cuenta en TikTok, Cuenta en Youtube, Radio (AM o FM), Radio transmitida vía web",Privado,"Arte y cultura local, Deporte local, Economía y desarrollo local","Contenidos puntuales patrocinados, Publicidad",Decisiones de no cubrir ciertos contenidos por precaución (autocensura)
Carabobo,"Cuenta en Instagram, Cuenta en Facebook, Cuenta en Youtube, Portal web de noticias",Privado,"Arte y cultura local, Deporte local, Economía y desarrollo local, Gobierno y política local, Sucesos, seguridad y convivencia ciudadana, Temas sociales locales (como salud, educación, transporte, servicios públicos)","Aportes monetarios de los fundadores y/o el equipo, Donaciones de empresas, Eventos, Fondos gubernamentales, Publicidad",Restricciones o impedimentos externos para cubrir ciertos temas (censura directa)
Carabobo,"Canal o grupo de mensajería en Whatsapp, Canal o grupo de mensajería en Telegram, Cuenta en Instagram, Cuenta en Youtube, Periodismo cara a cara, Portal web de noticias, Radio (AM o FM), Radio transmitida vía web",Proyecto u organización sin figura jurídica,"Deporte local, Economía y desarrollo local, Gobierno y política local, Sucesos, seguridad y convivencia ciudadana, Temas sociales locales (como salud, educación, transporte, servicios públicos)","Aportes monetarios de los fundadores y/o el equipo, Publicidad","Decisiones de no cubrir ciertos contenidos por precaución (autocensura), Presiones indirectas que influyen en la cobertura (por ejemplo, económicas, políticas o de seguridad)"
Carabobo,"Canal o grupo de mensajería en Whatsapp, Canal o grupo de mensajería en Telegram, Cuenta en Instagram, Cuenta en Facebook, Cuenta en Youtube, Periodismo cara a cara, Portal web de noticias, Radio (AM o FM), Radio transmitida vía web",Privado,"Arte y cultura local, Deporte local, Economía y desarrollo local, Gobierno y política local, Investigación y vigilancia al poder, Medio ambiente y sostenibilidad, Sucesos, seguridad y convivencia ciudadana, Temas sociales locales (como salud, educación, transporte, servicios públicos)","Contenidos puntuales patrocinados, Publicidad","Decisiones de no cubrir ciertos contenidos por precaución (autocensura), Presiones indirectas que influyen en la cobertura (por ejemplo, económicas, políticas o de seguridad)"
Carabobo,"Canal o grupo de mensajería en Whatsapp, Cuenta en Instagram, Cuenta en Facebook, Radio (AM o FM), Radio transmitida vía web",Privado,"Arte y cultura local, Deporte local, Economía y desarrollo local, Gobierno y política local, Sucesos, seguridad y convivencia ciudadana, Temas sociales locales (como salud, educación, transporte, servicios públicos)","Contenidos puntuales patrocinados, Eventos, Publicidad","Decisiones de no cubrir ciertos contenidos por precaución (autocensura), Presiones indirectas que influyen en la cobertura (por ejemplo, económicas, políticas o de seguridad)"
Carabobo,"Canal o grupo de mensajería en Whatsapp, Cuenta en Instagram, Cuenta en Facebook, Radio (AM o FM)",Privado,"Arte y cultura local, Deporte local, Economía y desarrollo local, Gobierno y política local, Medio ambiente y sostenibilidad, Sucesos, seguridad y convivencia ciudadana, Temas sociales locales (como salud, educación, transporte, servicios públicos)","Contenidos puntuales patrocinados, Fondos gubernamentales, Publicidad",Decisiones de no cubrir ciertos contenidos por precaución (autocensura)
Carabobo,"Cuenta en Instagram, Cuenta en Youtube, Portal web de noticias, Radio (AM o FM), Radio transmitida vía web",Privado,"Arte y cultura local, Deporte local, Economía y desarrollo local, Medio ambiente y sostenibilidad, Temas sociales locales (como salud, educación, transporte, servicios públicos)",Publicidad,"Restricciones o impedimentos externos para cubrir ciertos temas (censura directa), Decisiones de no cubrir ciertos contenidos por precaución (autocensura), Presiones indirectas que influyen en la cobertura (por ejemplo, económicas, políticas o de seguridad)"
Carabobo,"Canal o grupo de mensajería en Whatsapp, Cuenta en Instagram, Cuenta en Facebook, Portal web de noticias",Privado,"Arte y cultura local, Deporte local, Economía y desarrollo local, Gobierno y política local, Sucesos, seguridad y convivencia ciudadana, Temas sociales locales (como salud, educación, transporte, servicios públicos)","Aportes monetarios de los fundadores y/o el equipo, Eventos, Fondos gubernamentales, Publicidad",Decisiones de no cubrir ciertos contenidos por precaución (autocensura)
Carabobo,"Canal o grupo de mensajería en Whatsapp, Canal o grupo de mensajería en Telegram, Cuenta en Instagram, Cuenta en Facebook, Cuenta en TikTok, Cuenta en X, Portal web de noticias",Privado,"Arte y cultura local, Deporte local, Economía y desarrollo local, Gobierno y política local, Sucesos, seguridad y convivencia ciudadana, Temas sociales locales (como salud, educación, transporte, servicios públicos)","Contenidos puntuales patrocinados, Publicidad",Decisiones de no cubrir ciertos contenidos por precaución (autocensura)
Carabobo,"Cuenta en Instagram, Cuenta en Facebook, Portal web de noticias",Privado,"Arte y cultura local, Economía y desarrollo local, Temas empresariales, nuevas marcas, lanzamientos","Contenidos puntuales patrocinados, Publicidad",Decisiones de no cubrir ciertos contenidos por precaución (autocensura)
Carabobo,"Cuenta en Instagram, Cuenta en Facebook, Cuenta en X, Portal web de noticias",Privado,"Arte y cultura local, Economía y desarrollo local, Gobierno y política local, Sucesos, seguridad y convivencia ciudadana, Temas sociales locales (como salud, educación, transporte, servicios públicos)","Contenidos puntuales patrocinados, Donaciones de empresas, Publicidad",Decisiones de no cubrir ciertos contenidos por precaución (autocensura)
Carabobo,"Cuenta en Instagram, Cuenta en Facebook, Cuenta en Youtube, Portal web de noticias",Privado,"Arte y cultura local, Deporte local, Economía y desarrollo local, Sucesos, seguridad y convivencia ciudadana, Temas sociales locales (como salud, educación, transporte, servicios públicos)","Aportes monetarios de los fundadores y/o el equipo, Contenidos puntuales patrocinados, Publicidad",Decisiones de no cubrir ciertos contenidos por precaución (autocensura)
Carabobo,"Cuenta en Instagram, Cuenta en X, Portal web de noticias",Privado,"Arte y cultura local, Deporte local, Economía y desarrollo local, Sucesos, seguridad y convivencia ciudadana, Temas sociales locales (como salud, educación, transporte, servicios públicos)","Aportes monetarios de los fundadores y/o el equipo, Donaciones de empresas, Publicidad",Decisiones de no cubrir ciertos contenidos por precaución (autocensura)
Carabobo,"Cuenta en Instagram, Cuenta en Facebook, Cuenta en TikTok, Cuenta en X, Cuenta en Youtube, Portal web de noticias",Privado,Arte y cultura local,"Aportes monetarios de los fundadores y/o el equipo, Fondos gubernamentales, Publicidad",No ha enfrentado este tipo de situaciones
Carabobo,Cuenta en Instagram,Privado,"Arte y cultura local, Economía y desarrollo local","Aportes monetarios de los fundadores y/o el equipo, Contenidos puntuales patrocinados, Publicidad",Decisiones de no cubrir ciertos contenidos por precaución (autocensura)
Carabobo,"Cuenta en Instagram, Cuenta en TikTok",Privado,"Arte y cultura local, Economía y desarrollo local, Sucesos, seguridad y convivencia ciudadana, Temas sociales locales (como salud, educación, transporte, servicios públicos)","Contenidos puntuales patrocinados, Publicidad",Decisiones de no cubrir ciertos contenidos por precaución (autocensura)
Carabobo,"Cuenta en Instagram, Cuenta en Facebook, Cuenta en TikTok",Privado,"Arte y cultura local, Deporte local, Economía y desarrollo local, Gobierno y política local, Sucesos, seguridad y convivencia ciudadana, Temas sociales locales (como salud, educación, transporte, servicios públicos)","Contenidos puntuales patrocinados, Publicidad",Decisiones de no cubrir ciertos contenidos por precaución (autocensura)
Carabobo,"Cuenta en Instagram, Cuenta en Facebook, Cuenta en Youtube, Radio (AM o FM), Radio transmitida vía web",Privado,"Arte y cultura local, Deporte local",Publicidad,"Decisiones de no cubrir ciertos contenidos por precaución (autocensura), Presiones indirectas que influyen en la cobertura (por ejemplo, económicas, políticas o de seguridad)"
Carabobo,"Canal o grupo de mensajería en Telegram, Cuenta en Instagram, Cuenta en Facebook, Cuenta en TikTok, Cuenta en X, Cuenta en Youtube, Portal web de noticias, TV (señal abierta o cable)",Privado,"Arte y cultura local, Deporte local, Economía y desarrollo local, Gobierno y política local, Sucesos, seguridad y convivencia ciudadana, Temas sociales locales (como salud, educación, transporte, servicios públicos)","Contenidos puntuales patrocinados, Publicidad","Restricciones o impedimentos externos para cubrir ciertos temas (censura directa), Decisiones de no cubrir ciertos contenidos por precaución (autocensura), Presiones indirectas que influyen en la cobertura (por ejemplo, económicas, políticas o de seguridad)"
Carabobo,"Cuenta en Instagram, Cuenta en Facebook, Cuenta en Youtube, Radio (AM o FM), Radio transmitida vía web",Privado,"Arte y cultura local, Deporte local, Economía y desarrollo local, Gobierno y política local, Medio ambiente y sostenibilidad, Temas sociales locales (como salud, educación, transporte, servicios públicos)","Contenidos puntuales patrocinados, Donaciones de empresas, Publicidad, Venta de productos y servicios",No ha enfrentado este tipo de situaciones
Carabobo,"Cuenta en Instagram, Cuenta en Facebook, Radio (AM o FM), Radio transmitida vía web",Privado,"Arte y cultura local, Deporte local, Economía y desarrollo local, Gobierno y política local, Medio ambiente y sostenibilidad, Sucesos, seguridad y convivencia ciudadana, Temas sociales locales (como salud, educación, transporte, servicios públicos)","Contenidos puntuales patrocinados, Publicidad",Decisiones de no cubrir ciertos contenidos por precaución (autocensura)
Carabobo,"Cuenta en Instagram, Portal web de noticias",Proyecto u organización sin figura jurídica,"Arte y cultura local, Deporte local, Economía y desarrollo local, Gobierno y política local, Sucesos, seguridad y convivencia ciudadana, Temas sociales locales (como salud, educación, transporte, servicios públicos)","Contenidos puntuales patrocinados, Publicidad",Decisiones de no cubrir ciertos contenidos por precaución (autocensura)
Carabobo,"Canal o grupo de mensajería en Telegram, Cuenta en Instagram, Cuenta en Facebook, Cuenta en TikTok, Cuenta en X, Cuenta en Youtube, Periódico (impreso), Portal web de noticias",Privado,"Arte y cultura local, Deporte local, Economía y desarrollo local, Gobierno y política local, Temas sociales locales (como salud, educación, transporte, servicios públicos)","Contenidos puntuales patrocinados, Fondos gubernamentales, Publicidad","Restricciones o impedimentos externos para cubrir ciertos temas (censura directa), Decisiones de no cubrir ciertos contenidos por precaución (autocensura)"
Carabobo,"Cuenta en Instagram, Cuenta en Facebook, Portal web de noticias",Privado,"Arte y cultura local, Deporte local, Economía y desarrollo local, Gobierno y política local, Sucesos, seguridad y convivencia ciudadana, Temas sociales locales (como salud, educación, transporte, servicios públicos)","Contenidos puntuales patrocinados, Donaciones de empresas, Fondos gubernamentales, Publicidad","Presiones indirectas que influyen en la cobertura (por ejemplo, económicas, políticas o de seguridad)"
Carabobo,"Canal o grupo de mensajería en Whatsapp, Canal o grupo de mensajería en Telegram, Cuenta en Instagram, Cuenta en Facebook, Cuenta en TikTok, Cuenta en X, Cuenta en Youtube, TV (señal abierta o cable)",Privado,"Economía y desarrollo local, Gobierno y política local, Medio ambiente y sostenibilidad, Sucesos, seguridad y convivencia ciudadana, Temas sociales locales (como salud, educación, transporte, servicios públicos)","Contenidos puntuales patrocinados, Publicidad","Restricciones o impedimentos externos para cubrir ciertos temas (censura directa), Decisiones de no cubrir ciertos contenidos por precaución (autocensura), Presiones indirectas que influyen en la cobertura (por ejemplo, económicas, políticas o de seguridad)"
Carabobo,"Canal o grupo de mensajería en Whatsapp, Cuenta en Instagram, Cuenta en Facebook, Cuenta en TikTok, Cuenta en X, Cuenta en Youtube, Portal web de noticias, TV (señal abierta o cable), TV transmitida vía web",Privado,"Arte y cultura local, Deporte local, Economía y desarrollo local, Gobierno y política local, Medio ambiente y sostenibilidad, Sucesos, seguridad y convivencia ciudadana, Temas sociales locales (como salud, educación, transporte, servicios públicos)","Contenidos puntuales patrocinados, Publicidad","Decisiones de no cubrir ciertos contenidos por precaución (autocensura), Presiones indirectas que influyen en la cobertura (por ejemplo, económicas, políticas o de seguridad)"
Carabobo,"Canal o grupo de mensajería en Whatsapp, Cuenta en Instagram, Cuenta en Facebook, Cuenta en TikTok, Cuenta en X, Cuenta en Youtube, Radio (AM o FM), Radio transmitida vía web",Privado,"Arte y cultura local, Deporte local, Entretenimiento","Contenidos puntuales patrocinados, Eventos, Publicidad",Decisiones de no cubrir ciertos contenidos por precaución (autocensura)
Carabobo,"Canal o grupo de mensajería en Telegram, Cuenta en Instagram, Cuenta en Facebook, Cuenta en X, Cuenta en Youtube, Portal web de noticias",Privado,"Arte y cultura local, Deporte local, Economía y desarrollo local, Gobierno y política local, Sucesos, seguridad y convivencia ciudadana, Temas sociales locales (como salud, educación, transporte, servicios públicos)","Contenidos puntuales patrocinados, Fondos gubernamentales, Publicidad",Decisiones de no cubrir ciertos contenidos por precaución (autocensura)
Cojedes,"Canal o grupo de mensajería en Whatsapp, Cuenta en Instagram, Cuenta en Facebook, Cuenta en TikTok, Cuenta en X, Portal web de noticias",Proyecto u organización sin figura jurídica,"Investigación y vigilancia al poder, Sucesos, seguridad y convivencia ciudadana, Temas sociales locales (como salud, educación, transporte, servicios públicos), Derechos humanos.","Aportes monetarios de los fundadores y/o el equipo, Donaciones de empresas, Publicidad",Decisiones de no cubrir ciertos contenidos por precaución (autocensura)
Cojedes,"Canal o grupo de mensajería en Whatsapp, Canal o grupo de mensajería en Telegram, Cuenta en Instagram, Cuenta en Facebook, Cuenta en TikTok, Cuenta en X, Cuenta en Youtube, Periodismo cara a cara, Podcast, Portal web de noticias, Radio (AM o FM)",Privado,"Economía y desarrollo local, Gobierno y política local, Investigación y vigilancia al poder, Temas sociales locales (como salud, educación, transporte, servicios públicos)","Aportes monetarios de los fundadores y/o el equipo, Publicidad","Restricciones o impedimentos externos para cubrir ciertos temas (censura directa), Decisiones de no cubrir ciertos contenidos por precaución (autocensura)"
Cojedes,"Cuenta en Instagram, Cuenta en Facebook, Cuenta en X",Proyecto u organización sin figura jurídica,"Arte y cultura local, Deporte local, Economía y desarrollo local, Gobierno y política local, Investigación y vigilancia al poder, Medio ambiente y sostenibilidad, Sucesos, seguridad y convivencia ciudadana, Temas sociales locales (como salud, educación, transporte, servicios públicos)",No hay ninguna fuente de ingresos,Restricciones o impedimentos externos para cubrir ciertos temas (censura directa)
Cojedes,"Canal o grupo de mensajería en Whatsapp, Cuenta en Instagram, Cuenta en TikTok, Portal web de noticias",Privado,"Arte y cultura local, Deporte local, Economía y desarrollo local, Gobierno y política local, Temas sociales locales (como salud, educación, transporte, servicios públicos), Iglesia catolica",Publicidad,Decisiones de no cubrir ciertos contenidos por precaución (autocensura)
Cojedes,"Cuenta en Instagram, Cuenta en Facebook, Cuenta en TikTok",Proyecto u organización sin figura jurídica,"Medio ambiente y sostenibilidad, Sucesos, seguridad y convivencia ciudadana, Temas sociales locales (como salud, educación, transporte, servicios públicos)",No hay ninguna fuente de ingresos,Decisiones de no cubrir ciertos contenidos por precaución (autocensura)
Cojedes,"Canal o grupo de mensajería en Whatsapp, Cuenta en Instagram, Cuenta en Facebook, Portal web de noticias, Radio (AM o FM)",Privado,"Arte y cultura local, Deporte local, Economía y desarrollo local, Gobierno y política local, Investigación y vigilancia al poder, Medio ambiente y sostenibilidad, Sucesos, seguridad y convivencia ciudadana, Temas sociales locales (como salud, educación, transporte, servicios públicos)","Aportes monetarios de los fundadores y/o el equipo, Publicidad, Talleres / Capacitaciones",No ha enfrentado este tipo de situaciones
Cojedes,"Canal o grupo de mensajería en Whatsapp, Canal o grupo de mensajería en Telegram, Cuenta en Instagram, Cuenta en Facebook, Cuenta en TikTok, Cuenta en X, Cuenta en Youtube, TV (señal abierta o cable)",Privado,"Arte y cultura local, Deporte local, Economía y desarrollo local, Gobierno y política local, Medio ambiente y sostenibilidad, Sucesos, seguridad y convivencia ciudadana, Temas sociales locales (como salud, educación, transporte, servicios públicos)","Contenidos puntuales patrocinados, Publicidad",No se maneja esta información
Cojedes,"Cuenta en Instagram, Cuenta en Facebook, Cuenta en Youtube, Radio (AM o FM), Radio transmitida vía web, TV transmitida vía web",No se maneja esta información,"Arte y cultura local, Deporte local, Economía y desarrollo local, Medio ambiente y sostenibilidad, Temas sociales locales (como salud, educación, transporte, servicios públicos)",Publicidad,No se maneja esta información
Cojedes,Portal web de noticias,Estatal,"Arte y cultura local, Deporte local, Economía y desarrollo local, Gobierno y política local, Medio ambiente y sostenibilidad, Sucesos, seguridad y convivencia ciudadana, Temas sociales locales (como salud, educación, transporte, servicios públicos)",Fondos gubernamentales,No se maneja esta información
Cojedes,"Canal o grupo de mensajería en Whatsapp, Cuenta en Instagram, Cuenta en TikTok, Cuenta en X",No se maneja esta información,"Arte y cultura local, Deporte local, Economía y desarrollo local, Gobierno y política local, Medio ambiente y sostenibilidad, Sucesos, seguridad y convivencia ciudadana, Temas sociales locales (como salud, educación, transporte, servicios públicos)",No se maneja esta información,No se maneja esta información
Cojedes,"Canal o grupo de mensajería en Telegram, Cuenta en Instagram, Cuenta en Facebook, Cuenta en Youtube, Radio (AM o FM), TV (señal abierta o cable)",No se maneja esta información,"Arte y cultura local, Deporte local, Economía y desarrollo local, Gobierno y política local, Medio ambiente y sostenibilidad, Sucesos, seguridad y convivencia ciudadana, Temas sociales locales (como salud, educación, transporte, servicios públicos)",No se maneja esta información,No se maneja esta información
Cojedes,"Canal o grupo de mensajería en Telegram, Cuenta en Instagram, Cuenta en Facebook, Cuenta en TikTok, Cuenta en X, Cuenta en Youtube, Portal web de noticias",Privado,"Arte y cultura local, Deporte local, Economía y desarrollo local, Gobierno y política local, Medio ambiente y sostenibilidad, Sucesos, seguridad y convivencia ciudadana, Temas sociales locales (como salud, educación, transporte, servicios públicos)",Publicidad,No se maneja esta información
Cojedes,"Cuenta en Instagram, Radio (AM o FM), Radio transmitida vía web",Radio religiosa,"Arte y cultura local, Medio ambiente y sostenibilidad, Temas sociales locales (como salud, educación, transporte, servicios públicos)",No se maneja esta información,No se maneja esta información
Cojedes,"Canal o grupo de mensajería en Telegram, Cuenta en Instagram, Cuenta en Facebook, Cuenta en TikTok, Cuenta en X, Cuenta en Youtube, Portal web de noticias, TV (señal abierta o cable), TV transmitida vía web",Estatal,"Arte y cultura local, Deporte local, Economía y desarrollo local, Gobierno y política local, Medio ambiente y sostenibilidad, Sucesos, seguridad y convivencia ciudadana, Temas sociales locales (como salud, educación, transporte, servicios públicos)","Fondos gubernamentales, Publicidad",No se maneja esta información
Cojedes,"Canal o grupo de mensajería en Whatsapp, Cuenta en Instagram, Cuenta en Facebook, Cuenta en TikTok, Cuenta en X, Cuenta en Youtube, Portal web de noticias, TV (señal abierta o cable), TV transmitida vía web",Privado,"Arte y cultura local, Deporte local, Economía y desarrollo local, Gobierno y política local, Medio ambiente y sostenibilidad, Sucesos, seguridad y convivencia ciudadana, Temas sociales locales (como salud, educación, transporte, servicios públicos)","Contenidos puntuales patrocinados, Publicidad",No se maneja esta información
Cojedes,"Cuenta en Instagram, Portal web de noticias, Radio (AM o FM), Radio transmitida vía web",No se maneja esta información,"Arte y cultura local, Deporte local, Economía y desarrollo local, Gobierno y política local, Medio ambiente y sostenibilidad, Sucesos, seguridad y convivencia ciudadana, Temas sociales locales (como salud, educación, transporte, servicios públicos)",No se maneja esta información,No se maneja esta información
Cojedes,"Cuenta en Instagram, Radio (AM o FM), Radio transmitida vía web",No se maneja esta información,"Arte y cultura local, Deporte local, Economía y desarrollo local, Medio ambiente y sostenibilidad, Temas sociales locales (como salud, educación, transporte, servicios públicos)",No se maneja esta información,No se maneja esta información
Delta Amacuro,"Canal o grupo de mensajería en Whatsapp, Cuenta en Instagram, Cuenta en Facebook, Portal web de noticias",Proyecto u organización sin figura jurídica,"Arte y cultura local, Deporte local, Economía y desarrollo local, Gobierno y política local, Sucesos, seguridad y convivencia ciudadana, Temas sociales locales (como salud, educación, transporte, servicios públicos)","Aportes monetarios de los fundadores y/o el equipo, Publicidad",Decisiones de no cubrir ciertos contenidos por precaución (autocensura)
Delta Amacuro,"Canal o grupo de mensajería en Whatsapp, Canal o grupo de mensajería en Telegram, Cuenta en Instagram, Cuenta en Facebook, Cuenta en X, Cuenta en Youtube, TV transmitida vía web",Privado,"Sucesos, seguridad y convivencia ciudadana, Temas sociales locales (como salud, educación, transporte, servicios públicos)","Subvenciones o financiamiento internacional, Publicidad",Decisiones de no cubrir ciertos contenidos por precaución (autocensura)
Delta Amacuro,"Canal o grupo de mensajería en Whatsapp, Canal o grupo de mensajería en Telegram, Cuenta en Instagram, Cuenta en Facebook, Cuenta en TikTok, Cuenta en X, Cuenta en Youtube, Periodismo cara a cara, Portal web de noticias","Organización sin fines de lucro (asociación civil, fundación, ONG)","Sucesos, seguridad y convivencia ciudadana, Temas sociales locales (como salud, educación, transporte, servicios públicos)","Subvenciones o financiamiento internacional, Publicidad",Prefiere no responder
Delta Amacuro,"Canal o grupo de mensajería en Whatsapp, Cuenta en Instagram, Cuenta en Facebook, Periodismo cara a cara, Portal web de noticias",Privado,"Economía y desarrollo local, Gobierno y política local, Medio ambiente y sostenibilidad, Temas sociales locales (como salud, educación, transporte, servicios públicos)","Aportes monetarios de los fundadores y/o el equipo, No hay ninguna fuente de ingresos",No ha enfrentado este tipo de situaciones
Delta Amacuro,"Cuenta en Instagram, Radio (AM o FM), Radio transmitida vía web",Privado,"Economía y desarrollo local, Gobierno y política local, Medio ambiente y sostenibilidad, Sucesos, seguridad y convivencia ciudadana, Temas sociales locales (como salud, educación, transporte, servicios públicos)",Publicidad,No ha enfrentado este tipo de situaciones
Delta Amacuro,"Canal o grupo de mensajería en Whatsapp, Canal o grupo de mensajería en Telegram, Cuenta en Instagram, Cuenta en Facebook, Cuenta en TikTok, Cuenta en X, Cuenta en Youtube",No se maneja esta información,"Arte y cultura local, Deporte local, Economía y desarrollo local, Gobierno y política local, Medio ambiente y sostenibilidad, Sucesos, seguridad y convivencia ciudadana, Temas sociales locales (como salud, educación, transporte, servicios públicos)",Publicidad,"Restricciones o impedimentos externos para cubrir ciertos temas (censura directa), Decisiones de no cubrir ciertos contenidos por precaución (autocensura), Presiones indirectas que influyen en la cobertura (por ejemplo, económicas, políticas o de seguridad)"
Delta Amacuro,"Canal o grupo de mensajería en Whatsapp, Canal o grupo de mensajería en Telegram, Cuenta en Facebook, Cuenta en TikTok, Portal web de noticias, Radio (AM o FM)","Organización sin fines de lucro (asociación civil, fundación, ONG)","Arte y cultura local, Deporte local, Economía y desarrollo local, Gobierno y política local, Medio ambiente y sostenibilidad, Sucesos, seguridad y convivencia ciudadana, Temas sociales locales (como salud, educación, transporte, servicios públicos)","Contenidos puntuales patrocinados, Fondos gubernamentales, Publicidad, Venta de productos y servicios",Restricciones o impedimentos externos para cubrir ciertos temas (censura directa)
Delta Amacuro,"Canal o grupo de mensajería en Whatsapp, Canal o grupo de mensajería en Telegram, Cuenta en Instagram, Cuenta en Facebook, Cuenta en TikTok, Cuenta en Youtube, Portal web de noticias",Privado,"Gobierno y política local, Sucesos, seguridad y convivencia ciudadana",Publicidad,"Restricciones o impedimentos externos para cubrir ciertos temas (censura directa), Decisiones de no cubrir ciertos contenidos por precaución (autocensura), Presiones indirectas que influyen en la cobertura (por ejemplo, económicas, políticas o de seguridad)"
Delta Amacuro,"Canal o grupo de mensajería en Whatsapp, Cuenta en Instagram, Cuenta en Facebook, Portal web de noticias, Radio (AM o FM)",Privado,"Arte y cultura local, Deporte local, Gobierno y política local, Sucesos, seguridad y convivencia ciudadana, Temas sociales locales (como salud, educación, transporte, servicios públicos)",Publicidad,No se maneja esta información
Delta Amacuro,"Canal o grupo de mensajería en Telegram, Cuenta en Instagram, Cuenta en Facebook, Cuenta en TikTok, Cuenta en X, Cuenta en Youtube, Periódico (impreso), Portal web de noticias",Privado,"Arte y cultura local, Gobierno y política local, Temas sociales locales (como salud, educación, transporte, servicios públicos)",Publicidad,No se maneja esta información
Distrito Capital,"Cuenta en Instagram, Cuenta en X, Periodismo cara a cara","Organización sin fines de lucro (asociación civil, fundación, ONG)","Arte y cultura local, Deporte local, Economía y desarrollo local, Gobierno y política local, Medio ambiente y sostenibilidad, Temas sociales locales (como salud, educación, transporte, servicios públicos)",Subvenciones o financiamiento internacional,"Decisiones de no cubrir ciertos contenidos por precaución (autocensura), Presiones indirectas que influyen en la cobertura (por ejemplo, económicas, políticas o de seguridad)"
Distrito Capital,"Canal o grupo de mensajería en Whatsapp, Canal o grupo de mensajería en Telegram, Cuenta en Instagram, Cuenta en Facebook, Cuenta en TikTok, Cuenta en X, Cuenta en Youtube, Periódico (impreso), Portal web de noticias",Privado,"Arte y cultura local, Temas sociales locales (como salud, educación, transporte, servicios públicos)","Aportes monetarios de los fundadores y/o el equipo, Contenidos puntuales patrocinados, Subvenciones o financiamiento internacional","Restricciones o impedimentos externos para cubrir ciertos temas (censura directa), Decisiones de no cubrir ciertos contenidos por precaución (autocensura), Presiones indirectas que influyen en la cobertura (por ejemplo, económicas, políticas o de seguridad)"
Distrito Capital,"Canal o grupo de mensajería en Whatsapp, Canal o grupo de mensajería en Telegram, Cuenta en Instagram, Cuenta en Facebook, Cuenta en X, Cuenta en Youtube, Portal web de noticias",Privado,"Arte y cultura local, Deporte local, Economía y desarrollo local, Gobierno y política local, Investigación y vigilancia al poder, Medio ambiente y sostenibilidad, Sucesos, seguridad y convivencia ciudadana, Temas sociales locales (como salud, educación, transporte, servicios públicos)","Contenidos puntuales patrocinados, Donaciones de la audiencia, membresías o suscripciones, Donaciones de empresas, Publicidad, Venta de productos y servicios","Restricciones o impedimentos externos para cubrir ciertos temas (censura directa), Decisiones de no cubrir ciertos contenidos por precaución (autocensura), Presiones indirectas que influyen en la cobertura (por ejemplo, económicas, políticas o de seguridad)"
Distrito Capital,"Canal o grupo de mensajería en Whatsapp, Cuenta en Instagram, Cuenta en Facebook, Cuenta en TikTok, Cuenta en X","Organización sin fines de lucro (asociación civil, fundación, ONG)","Economía y desarrollo local, Gobierno y política local, Investigación y vigilancia al poder, Medio ambiente y sostenibilidad, Sucesos, seguridad y convivencia ciudadana, Temas sociales locales (como salud, educación, transporte, servicios públicos), derechos humanos con énfasis en presos políticos","Campañas de financiamiento colectivo (crowdfunding), Subvenciones o financiamiento internacional, Talleres / Capacitaciones",Decisiones de no cubrir ciertos contenidos por precaución (autocensura)
Distrito Capital,"Canal o grupo de mensajería en Whatsapp, Canal o grupo de mensajería en Telegram, Cuenta en Instagram, Cuenta en Facebook, Cuenta en X, Portal web de noticias",Proyecto u organización sin figura jurídica,"Economía y desarrollo local, Gobierno y política local, Medio ambiente y sostenibilidad, Temas sociales locales (como salud, educación, transporte, servicios públicos)",Subvenciones o financiamiento internacional,"Decisiones de no cubrir ciertos contenidos por precaución (autocensura), Presiones indirectas que influyen en la cobertura (por ejemplo, económicas, políticas o de seguridad)"
Distrito Capital,"Canal o grupo de mensajería en Whatsapp, Canal o grupo de mensajería en Telegram, Cuenta en Instagram, Cuenta en Facebook, Cuenta en TikTok, Cuenta en X, Cuenta en Youtube, Portal web de noticias, newsletter ","Organización sin fines de lucro (asociación civil, fundación, ONG)","Arte y cultura local, Gobierno y política local, Investigación y vigilancia al poder, Sucesos, seguridad y convivencia ciudadana, Temas sociales locales (como salud, educación, transporte, servicios públicos)","Contenidos puntuales patrocinados, Subvenciones o financiamiento internacional",Restricciones o impedimentos externos para cubrir ciertos temas (censura directa)
Distrito Capital,"Canal o grupo de mensajería en Whatsapp, Canal o grupo de mensajería en Telegram, Cuenta en Instagram, Cuenta en Facebook, Cuenta en TikTok, Cuenta en X, Cuenta en Youtube, TV (señal abierta o cable)",Privado,"Arte y cultura local, Deporte local, Economía y desarrollo local, Gobierno y política local, Investigación y vigilancia al poder, Sucesos, seguridad y convivencia ciudadana, Temas sociales locales (como salud, educación, transporte, servicios públicos)","Contenidos puntuales patrocinados, Publicidad",Prefiere no responder
Distrito Capital,"Canal o grupo de mensajería en Whatsapp, Canal o grupo de mensajería en Telegram, Cuenta en Instagram, Cuenta en Facebook, Cuenta en TikTok, Cuenta en X, Cuenta en Youtube",Privado,"Gobierno y política local, Sucesos, seguridad y convivencia ciudadana, Temas sociales locales (como salud, educación, transporte, servicios públicos)","Subvenciones o financiamiento internacional, Publicidad","Restricciones o impedimentos externos para cubrir ciertos temas (censura directa), Decisiones de no cubrir ciertos contenidos por precaución (autocensura), Presiones indirectas que influyen en la cobertura (por ejemplo, económicas, políticas o de seguridad)"
Distrito Capital,"Canal o grupo de mensajería en Whatsapp, Canal o grupo de mensajería en Telegram, Cuenta en Instagram, Cuenta en Facebook, Cuenta en TikTok, Cuenta en X, Cuenta en Youtube, Portal web de noticias",Privado,"Arte y cultura local, Deporte local, Economía y desarrollo local, Gobierno y política local, Investigación y vigilancia al poder, Medio ambiente y sostenibilidad, Sucesos, seguridad y convivencia ciudadana, Temas sociales locales (como salud, educación, transporte, servicios públicos)","Aportes monetarios de los fundadores y/o el equipo, Contenidos puntuales patrocinados, Publicidad","Restricciones o impedimentos externos para cubrir ciertos temas (censura directa), Decisiones de no cubrir ciertos contenidos por precaución (autocensura)"
Distrito Capital,"Canal o grupo de mensajería en Whatsapp, Cuenta en Instagram, Cuenta en Facebook, Cuenta en X, Cuenta en Youtube, Portal web de noticias, TV transmitida vía web",Proyecto u organización sin figura jurídica,"Arte y cultura local, Deporte local, Economía y desarrollo local, Gobierno y política local, Medio ambiente y sostenibilidad, Sucesos, seguridad y convivencia ciudadana, Temas sociales locales (como salud, educación, transporte, servicios públicos)","Campañas de financiamiento colectivo (crowdfunding), Contenidos puntuales patrocinados, Publicidad","Restricciones o impedimentos externos para cubrir ciertos temas (censura directa), Decisiones de no cubrir ciertos contenidos por precaución (autocensura)"
Distrito Capital,"Canal o grupo de mensajería en Whatsapp, Canal o grupo de mensajería en Telegram, Cuenta en Instagram, Cuenta en Facebook, Cuenta en TikTok, Cuenta en X, Cuenta en Youtube, Periodismo cara a cara, Portal web de noticias","Organización sin fines de lucro (asociación civil, fundación, ONG)","Economía y desarrollo local, Gobierno y política local, Sucesos, seguridad y convivencia ciudadana, Temas sociales locales (como salud, educación, transporte, servicios públicos)","Subvenciones o financiamiento internacional, Publicidad",Prefiere no responder
Distrito Capital,"Cuenta en Instagram, Cuenta en Facebook, Cuenta en X, Cuenta en Youtube, Periodismo cara a cara, Podcast",Privado,"Arte y cultura local, Sucesos, seguridad y convivencia ciudadana, Política, DDHH",Subvenciones o financiamiento internacional,"Restricciones o impedimentos externos para cubrir ciertos temas (censura directa), Decisiones de no cubrir ciertos contenidos por precaución (autocensura)"
Distrito Capital,"Canal o grupo de mensajería en Telegram, Cuenta en Instagram, Cuenta en Facebook, Cuenta en TikTok, Cuenta en X, Cuenta en Youtube, Periódico (impreso), Portal web de noticias",Privado,"Arte y cultura local, Deporte local, Economía y desarrollo local, Gobierno y política local, Investigación y vigilancia al poder, Medio ambiente y sostenibilidad, Sucesos, seguridad y convivencia ciudadana, Temas sociales locales (como salud, educación, transporte, servicios públicos)",Publicidad,Prefiere no responder
Distrito Capital,"Canal o grupo de mensajería en Whatsapp, Cuenta en Instagram, Cuenta en Facebook, Cuenta en X, Cuenta en Youtube, Portal web de noticias, Acciones off line cómo exposiciones en espacios públicos y tertulias y actividades de diálogos con las comunidades ","Organización sin fines de lucro (asociación civil, fundación, ONG)","Arte y cultura local, Economía y desarrollo local, Investigación y vigilancia al poder, Medio ambiente y sostenibilidad, Sucesos, seguridad y convivencia ciudadana, Temas sociales locales (como salud, educación, transporte, servicios públicos), Derechos de las niñas, adolescentes y mujeres, derechos humanos, migración, salud mental, organización ciudadana e innovación social ","Aportes monetarios de los fundadores y/o el equipo, Eventos, Subvenciones o financiamiento internacional, Talleres / Capacitaciones, Venta de productos y servicios","Decisiones de no cubrir ciertos contenidos por precaución (autocensura), Presiones indirectas que influyen en la cobertura (por ejemplo, económicas, políticas o de seguridad)"
Distrito Capital,"Canal o grupo de mensajería en Whatsapp, Canal o grupo de mensajería en Telegram, Cuenta en Instagram, Cuenta en Facebook, Cuenta en TikTok, Cuenta en X, Cuenta en Youtube, Portal web de noticias",Peridiosmo Hiperlocal,"Arte y cultura local, Deporte local, Economía y desarrollo local, Investigación y vigilancia al poder, Medio ambiente y sostenibilidad, Sucesos, seguridad y convivencia ciudadana, Temas sociales locales (como salud, educación, transporte, servicios públicos)","Aportes monetarios de los fundadores y/o el equipo, Publicidad, Talleres / Capacitaciones","Restricciones o impedimentos externos para cubrir ciertos temas (censura directa), Decisiones de no cubrir ciertos contenidos por precaución (autocensura), Presiones indirectas que influyen en la cobertura (por ejemplo, económicas, políticas o de seguridad)"
Distrito Capital,"Canal o grupo de mensajería en Whatsapp, Cuenta en Instagram, Cuenta en TikTok, Cuenta en X, Podcast, Portal web de noticias","Organización sin fines de lucro (asociación civil, fundación, ONG)","Economía y desarrollo local, Gobierno y política local, Sucesos, seguridad y convivencia ciudadana, Temas sociales locales (como salud, educación, transporte, servicios públicos)","Aportes monetarios de los fundadores y/o el equipo, Subvenciones o financiamiento internacional","Decisiones de no cubrir ciertos contenidos por precaución (autocensura), Presiones indirectas que influyen en la cobertura (por ejemplo, económicas, políticas o de seguridad)"
Distrito Capital,"Canal o grupo de mensajería en Whatsapp, Canal o grupo de mensajería en Telegram, Cuenta en Instagram, Cuenta en TikTok, Cuenta en X, Cuenta en Youtube, Periodismo cara a cara, Podcast, Portal web de noticias, Radio (AM o FM), Radio transmitida vía web","Organización sin fines de lucro (asociación civil, fundación, ONG)","Arte y cultura local, Deporte local, Economía y desarrollo local, Gobierno y política local, Investigación y vigilancia al poder, Medio ambiente y sostenibilidad, Sucesos, seguridad y convivencia ciudadana, Temas sociales locales (como salud, educación, transporte, servicios públicos), Red indígena",No sabe / Prefiere no responder,Prefiere no responder
Distrito Capital,"Canal o grupo de mensajería en Whatsapp, Cuenta en Instagram, Cuenta en TikTok, Cuenta en X, Periodismo cara a cara, Newsletter ",Privado,No es medio local,"Donaciones de la audiencia, membresías o suscripciones, Eventos, Publicidad, Subvenciones o financiamiento internacional","Presiones indirectas que influyen en la cobertura (por ejemplo, económicas, políticas o de seguridad)"
Distrito Capital,"Canal o grupo de mensajería en Whatsapp, Canal o grupo de mensajería en Telegram, Cuenta en Instagram, Cuenta en Facebook, Cuenta en TikTok, Cuenta en X, Cuenta en Youtube, Periódico (impreso), TV (señal abierta o cable)",Privado,"Economía y desarrollo local, Gobierno y política local, Sucesos, seguridad y convivencia ciudadana, Temas sociales locales (como salud, educación, transporte, servicios públicos)","Contenidos puntuales patrocinados, Publicidad",Restricciones o impedimentos externos para cubrir ciertos temas (censura directa)
Distrito Capital,"Canal o grupo de mensajería en Telegram, Cuenta en Instagram, Cuenta en Facebook, Cuenta en TikTok, Cuenta en X, Periódico (impreso), Periodismo cara a cara, Portal web de noticias, TV transmitida vía web",Privado,"Economía y desarrollo local, Gobierno y política local, Investigación y vigilancia al poder, Medio ambiente y sostenibilidad, Sucesos, seguridad y convivencia ciudadana, Temas sociales locales (como salud, educación, transporte, servicios públicos)","Donaciones de la audiencia, membresías o suscripciones","Restricciones o impedimentos externos para cubrir ciertos temas (censura directa), Decisiones de no cubrir ciertos contenidos por precaución (autocensura), Presiones indirectas que influyen en la cobertura (por ejemplo, económicas, políticas o de seguridad)"
Distrito Capital,"Canal o grupo de mensajería en Telegram, Cuenta en Instagram, Cuenta en Facebook, Cuenta en TikTok, Cuenta en Youtube, Periódico (impreso), Portal web de noticias",Estatal,"Arte y cultura local, Deporte local, Economía y desarrollo local, Gobierno y política local, Sucesos, seguridad y convivencia ciudadana, Temas sociales locales (como salud, educación, transporte, servicios públicos)","Fondos gubernamentales, Publicidad",No se maneja esta información
Distrito Capital,"Canal o grupo de mensajería en Telegram, Cuenta en Instagram, Cuenta en Facebook, Cuenta en X, Portal web de noticias, Radio (AM o FM), Radio transmitida vía web",Estatal,"Arte y cultura local, Gobierno y política local, Temas sociales locales (como salud, educación, transporte, servicios públicos)",Fondos gubernamentales,No se maneja esta información
Distrito Capital,"Cuenta en Instagram, Cuenta en TikTok, Cuenta en X, Cuenta en Youtube, Portal web de noticias, Radio (AM o FM), Radio transmitida vía web",Privado,"Arte y cultura local, Economía y desarrollo local, Gobierno y política local, Sucesos, seguridad y convivencia ciudadana, Temas sociales locales (como salud, educación, transporte, servicios públicos)",Publicidad,No se maneja esta información
Distrito Capital,"Cuenta en Instagram, Cuenta en Facebook, Cuenta en X, Periódico (impreso), Portal web de noticias",Privado,"Arte y cultura local, Deporte local, Economía y desarrollo local, Gobierno y política local, Sucesos, seguridad y convivencia ciudadana, Temas sociales locales (como salud, educación, transporte, servicios públicos)","Aportes monetarios de los fundadores y/o el equipo, Publicidad",No se maneja esta información
Distrito Capital,"Canal o grupo de mensajería en Telegram, Cuenta en Instagram, Cuenta en Facebook, Cuenta en TikTok, Cuenta en X, Cuenta en Youtube, Portal web de noticias, TV (señal abierta o cable)",Privado,"Gobierno y política local, Temas sociales locales (como salud, educación, transporte, servicios públicos)","Contenidos puntuales patrocinados, Publicidad",No se maneja esta información
Falcón,"Canal o grupo de mensajería en Whatsapp, Cuenta en Instagram, Portal web de noticias",Privado,"Arte y cultura local, Deporte local, Economía y desarrollo local, Gobierno y política local, Sucesos, seguridad y convivencia ciudadana, Temas sociales locales (como salud, educación, transporte, servicios públicos)","Aportes monetarios de los fundadores y/o el equipo, Publicidad",Decisiones de no cubrir ciertos contenidos por precaución (autocensura)
Falcón,"Canal o grupo de mensajería en Whatsapp, Cuenta en Instagram, Cuenta en Facebook, Cuenta en TikTok",Privado,"Arte y cultura local, Deporte local, Sucesos, seguridad y convivencia ciudadana, Temas sociales locales (como salud, educación, transporte, servicios públicos)",Publicidad,Decisiones de no cubrir ciertos contenidos por precaución (autocensura)
Falcón,Cuenta en TikTok,Privado,"Medio ambiente y sostenibilidad, Temas sociales locales (como salud, educación, transporte, servicios públicos)",Aportes monetarios de los fundadores y/o el equipo,Decisiones de no cubrir ciertos contenidos por precaución (autocensura)
Falcón,"Canal o grupo de mensajería en Whatsapp, Cuenta en Instagram, Cuenta en Facebook, Cuenta en TikTok, Cuenta en X, Cuenta en Youtube, Portal web de noticias",Privado,"Arte y cultura local, Deporte local, Gobierno y política local, Sucesos, seguridad y convivencia ciudadana, Temas sociales locales (como salud, educación, transporte, servicios públicos)","Eventos, Publicidad",Prefiere no responder
Falcón,"Canal o grupo de mensajería en Whatsapp, Canal o grupo de mensajería en Telegram, Cuenta en Instagram, Cuenta en Facebook",Proyecto u organización sin figura jurídica,"Gobierno y política local, Investigación y vigilancia al poder, Sucesos, seguridad y convivencia ciudadana, Temas sociales locales (como salud, educación, transporte, servicios públicos)",No hay ninguna fuente de ingresos,No ha enfrentado este tipo de situaciones
Falcón,"Canal o grupo de mensajería en Whatsapp, Cuenta en Instagram, Cuenta en Facebook, Cuenta en TikTok, Cuenta en X, Podcast",Privado,"Arte y cultura local, Deporte local, Economía y desarrollo local, Gobierno y política local, Investigación y vigilancia al poder, Medio ambiente y sostenibilidad, Sucesos, seguridad y convivencia ciudadana, Temas sociales locales (como salud, educación, transporte, servicios públicos)",Publicidad,"Restricciones o impedimentos externos para cubrir ciertos temas (censura directa), Decisiones de no cubrir ciertos contenidos por precaución (autocensura), Presiones indirectas que influyen en la cobertura (por ejemplo, económicas, políticas o de seguridad)"
Falcón,"Canal o grupo de mensajería en Whatsapp, Canal o grupo de mensajería en Telegram, Cuenta en Instagram, Cuenta en Facebook, Podcast, Radio (AM o FM)",Privado,"Gobierno y política local, Sucesos, seguridad y convivencia ciudadana, Temas sociales locales (como salud, educación, transporte, servicios públicos)","Contenidos puntuales patrocinados, Publicidad","Decisiones de no cubrir ciertos contenidos por precaución (autocensura), Presiones indirectas que influyen en la cobertura (por ejemplo, económicas, políticas o de seguridad)"
Falcón,"Cuenta en Instagram, Cuenta en Facebook, Cuenta en X, Portal web de noticias",Privado,"Economía y desarrollo local, Gobierno y política local, Investigación y vigilancia al poder, Sucesos, seguridad y convivencia ciudadana",Aportes monetarios de los fundadores y/o el equipo,"Restricciones o impedimentos externos para cubrir ciertos temas (censura directa), Presiones indirectas que influyen en la cobertura (por ejemplo, económicas, políticas o de seguridad)"
Falcón,"Canal o grupo de mensajería en Whatsapp, Canal o grupo de mensajería en Telegram, Cuenta en Instagram, Cuenta en Facebook, Cuenta en TikTok, Cuenta en X",No sabe / Prefiere no responder,"Arte y cultura local, Deporte local, Economía y desarrollo local, Gobierno y política local, Investigación y vigilancia al poder, Medio ambiente y sostenibilidad, Sucesos, seguridad y convivencia ciudadana, Temas sociales locales (como salud, educación, transporte, servicios públicos)","Eventos, Publicidad, Venta de productos y servicios",Decisiones de no cubrir ciertos contenidos por precaución (autocensura)
Falcón,"Canal o grupo de mensajería en Whatsapp, Canal o grupo de mensajería en Telegram, Cuenta en Instagram, Cuenta en Facebook",Proyecto u organización sin figura jurídica,"Economía y desarrollo local, Gobierno y política local, Investigación y vigilancia al poder, Sucesos, seguridad y convivencia ciudadana, Temas sociales locales (como salud, educación, transporte, servicios públicos)",Publicidad,Prefiere no responder
Falcón,"Canal o grupo de mensajería en Whatsapp, Cuenta en Instagram, Cuenta en Facebook, Cuenta en TikTok, Portal web de noticias, Radio transmitida vía web",Comunitario,"Arte y cultura local, Deporte local, Economía y desarrollo local, Gobierno y política local, Investigación y vigilancia al poder, Medio ambiente y sostenibilidad, Sucesos, seguridad y convivencia ciudadana, Temas sociales locales (como salud, educación, transporte, servicios públicos)","Aportes monetarios de los fundadores y/o el equipo, Eventos, Publicidad",No ha enfrentado este tipo de situaciones
Falcón,"Canal o grupo de mensajería en Whatsapp, Canal o grupo de mensajería en Telegram, Cuenta en Instagram, Radio (AM o FM), Radio transmitida vía web",Privado,"Arte y cultura local, Deporte local, Economía y desarrollo local, Gobierno y política local, Sucesos, seguridad y convivencia ciudadana, Temas sociales locales (como salud, educación, transporte, servicios públicos)",Publicidad,No ha enfrentado este tipo de situaciones
Falcón,"Cuenta en Instagram, Cuenta en TikTok, Podcast",Proyecto u organización sin figura jurídica,"Arte y cultura local, Deporte local, Economía y desarrollo local, Gobierno y política local, Medio ambiente y sostenibilidad, Sucesos, seguridad y convivencia ciudadana, Temas sociales locales (como salud, educación, transporte, servicios públicos)","Aportes monetarios de los fundadores y/o el equipo, No hay ninguna fuente de ingresos",No ha enfrentado este tipo de situaciones
Falcón,"Canal o grupo de mensajería en Whatsapp, Canal o grupo de mensajería en Telegram, Cuenta en Instagram, Cuenta en Facebook, Cuenta en TikTok",Privado,Abarcamos todo tipo de información ,Publicidad,Decisiones de no cubrir ciertos contenidos por precaución (autocensura)
Falcón,"Canal o grupo de mensajería en Whatsapp, Canal o grupo de mensajería en Telegram, Cuenta en Instagram, Cuenta en Facebook, Cuenta en TikTok",Privado,"Economía y desarrollo local, Gobierno y política local, Temas sociales locales (como salud, educación, transporte, servicios públicos)",Contenidos puntuales patrocinados,No ha enfrentado este tipo de situaciones
Falcón,"Canal o grupo de mensajería en Whatsapp, Canal o grupo de mensajería en Telegram, Cuenta en Instagram, Cuenta en Facebook, Cuenta en TikTok",Privado,"Arte y cultura local, Deporte local, Economía y desarrollo local, Gobierno y política local, Investigación y vigilancia al poder, Medio ambiente y sostenibilidad, Sucesos, seguridad y convivencia ciudadana, Temas sociales locales (como salud, educación, transporte, servicios públicos)","Campañas de financiamiento colectivo (crowdfunding), Aportes de los suscriptores ",Restricciones o impedimentos externos para cubrir ciertos temas (censura directa)
Falcón,"Cuenta en Instagram, Cuenta en TikTok",Proyecto u organización sin figura jurídica,"Temas sociales locales (como salud, educación, transporte, servicios públicos)",No hay ninguna fuente de ingresos,Decisiones de no cubrir ciertos contenidos por precaución (autocensura)
Falcón,"Canal o grupo de mensajería en Whatsapp, Canal o grupo de mensajería en Telegram, Cuenta en Instagram, Cuenta en Facebook, Cuenta en X, Cuenta en Youtube, TV transmitida vía web",Privado,"Temas sociales locales (como salud, educación, transporte, servicios públicos)","Subvenciones o financiamiento internacional, Publicidad",Restricciones o impedimentos externos para cubrir ciertos temas (censura directa)
Falcón,"Canal o grupo de mensajería en Whatsapp, Cuenta en Instagram, Cuenta en Facebook, Cuenta en TikTok, Cuenta en X, Cuenta en Youtube, Portal web de noticias",Privado,"Arte y cultura local, Deporte local, Economía y desarrollo local, Gobierno y política local, Sucesos, seguridad y convivencia ciudadana, Temas sociales locales (como salud, educación, transporte, servicios públicos)","Contenidos puntuales patrocinados, Fondos gubernamentales, Publicidad, Venta de productos y servicios","Decisiones de no cubrir ciertos contenidos por precaución (autocensura), Presiones indirectas que influyen en la cobertura (por ejemplo, económicas, políticas o de seguridad)"
Falcón,"Cuenta en Instagram, Cuenta en Facebook, Radio (AM o FM), Radio transmitida vía web",Privado,"Arte y cultura local, Deporte local, Economía y desarrollo local, Gobierno y política local, Sucesos, seguridad y convivencia ciudadana, Temas sociales locales (como salud, educación, transporte, servicios públicos)","Contenidos puntuales patrocinados, Eventos, Fondos gubernamentales, Publicidad","Restricciones o impedimentos externos para cubrir ciertos temas (censura directa), Decisiones de no cubrir ciertos contenidos por precaución (autocensura), Presiones indirectas que influyen en la cobertura (por ejemplo, económicas, políticas o de seguridad)"
Falcón,"Canal o grupo de mensajería en Whatsapp, Canal o grupo de mensajería en Telegram, Cuenta en Instagram, Cuenta en Facebook, Cuenta en X, Cuenta en Youtube, Portal web de noticias",Privado,"Arte y cultura local, Deporte local, Economía y desarrollo local, Gobierno y política local, Sucesos, seguridad y convivencia ciudadana, Temas sociales locales (como salud, educación, transporte, servicios públicos)","Aportes monetarios de los fundadores y/o el equipo, Contenidos puntuales patrocinados, Publicidad",Decisiones de no cubrir ciertos contenidos por precaución (autocensura)
Falcón,"Canal o grupo de mensajería en Whatsapp, Cuenta en Instagram, Cuenta en Facebook, ",Privado,"Sucesos, seguridad y convivencia ciudadana",Publicidad,Prefiere no responder
Falcón,"Canal o grupo de mensajería en Whatsapp, Cuenta en Instagram, Cuenta en Facebook, Cuenta en TikTok, Radio (AM o FM), Radio transmitida vía web",Comunitario,"Sucesos, seguridad y convivencia ciudadana",Donaciones de empresas,Decisiones de no cubrir ciertos contenidos por precaución (autocensura)
Falcón,"Canal o grupo de mensajería en Whatsapp, Cuenta en Instagram, Cuenta en Facebook, Portal web de noticias",Privado,"Economía y desarrollo local, Gobierno y política local, Sucesos, seguridad y convivencia ciudadana, Temas sociales locales (como salud, educación, transporte, servicios públicos)",Publicidad,"Presiones indirectas que influyen en la cobertura (por ejemplo, económicas, políticas o de seguridad)"
Falcón,"Canal o grupo de mensajería en Whatsapp, Canal o grupo de mensajería en Telegram, Cuenta en Instagram, Cuenta en Facebook",Proyecto u organización sin figura jurídica,"Arte y cultura local, Deporte local, Economía y desarrollo local, Gobierno y política local, Medio ambiente y sostenibilidad, Sucesos, seguridad y convivencia ciudadana, Temas sociales locales (como salud, educación, transporte, servicios públicos)",Publicidad,No ha enfrentado este tipo de situaciones
Falcón,"Cuenta en Instagram, Cuenta en TikTok, Cuenta en X, Cuenta en Youtube, Portal web de noticias, Radio (AM o FM), Radio transmitida vía web",Privado,"Economía y desarrollo local, Gobierno y política local, Medio ambiente y sostenibilidad, Sucesos, seguridad y convivencia ciudadana, Temas sociales locales (como salud, educación, transporte, servicios públicos)","Aportes monetarios de los fundadores y/o el equipo, Contenidos puntuales patrocinados, Publicidad","Presiones indirectas que influyen en la cobertura (por ejemplo, económicas, políticas o de seguridad)"
Falcón,"Cuenta en Facebook, Cuenta en X, Portal web de noticias",Privado,"Gobierno y política local, Migración","Aportes monetarios de los fundadores y/o el equipo, Contenidos puntuales patrocinados",Decisiones de no cubrir ciertos contenidos por precaución (autocensura)
Falcón,"Cuenta en Instagram, Cuenta en Facebook",Proyecto u organización sin figura jurídica,"Gobierno y política local, Sucesos, seguridad y convivencia ciudadana, Temas sociales locales (como salud, educación, transporte, servicios públicos)",Publicidad,Decisiones de no cubrir ciertos contenidos por precaución (autocensura)
Falcón,"Cuenta en Instagram, Cuenta en Facebook, Cuenta en TikTok, Cuenta en X, Cuenta en Youtube, Periodismo cara a cara, Podcast, TV (señal abierta o cable)",Privado,"Arte y cultura local, Deporte local, Economía y desarrollo local, Gobierno y política local, Medio ambiente y sostenibilidad, Sucesos, seguridad y convivencia ciudadana, Temas sociales locales (como salud, educación, transporte, servicios públicos)","Aportes monetarios de los fundadores y/o el equipo, Contenidos puntuales patrocinados, Publicidad",Prefiere no responder
Falcón,"Cuenta en Instagram, Cuenta en X, Periodismo cara a cara","Organización sin fines de lucro (asociación civil, fundación, ONG)","Arte y cultura local, Deporte local, Economía y desarrollo local, Gobierno y política local, Investigación y vigilancia al poder, Medio ambiente y sostenibilidad, Sucesos, seguridad y convivencia ciudadana, Temas sociales locales (como salud, educación, transporte, servicios públicos)",Subvenciones o financiamiento internacional,No ha enfrentado este tipo de situaciones
Falcón,"Canal o grupo de mensajería en Whatsapp, Cuenta en Instagram, Cuenta en Facebook, Cuenta en X, Podcast",Proyecto u organización sin figura jurídica,"Arte y cultura local, Deporte local, Economía y desarrollo local, Gobierno y política local, Investigación y vigilancia al poder, Medio ambiente y sostenibilidad, Sucesos, seguridad y convivencia ciudadana, Temas sociales locales (como salud, educación, transporte, servicios públicos)",Publicidad,"Presiones indirectas que influyen en la cobertura (por ejemplo, económicas, políticas o de seguridad)"
Falcón,Canal o grupo de mensajería en Whatsapp,Comunitario,"Economía y desarrollo local, Sucesos, seguridad y convivencia ciudadana, Temas sociales locales (como salud, educación, transporte, servicios públicos)",Contenidos puntuales patrocinados,"Presiones indirectas que influyen en la cobertura (por ejemplo, económicas, políticas o de seguridad)"
Falcón,"Canal o grupo de mensajería en Whatsapp, Canal o grupo de mensajería en Telegram, Cuenta en Instagram, Cuenta en Facebook, Cuenta en TikTok, Cuenta en X, Cuenta en Youtube",Privado,"Arte y cultura local, Deporte local, Economía y desarrollo local, Investigación y vigilancia al poder, Medio ambiente y sostenibilidad, Sucesos, seguridad y convivencia ciudadana, Temas sociales locales (como salud, educación, transporte, servicios públicos)","Subvenciones o financiamiento internacional, Publicidad",Restricciones o impedimentos externos para cubrir ciertos temas (censura directa)
Falcón,"Cuenta en Instagram, Cuenta en Facebook, Cuenta en TikTok",Comunitario,"Arte y cultura local, Deporte local, Economía y desarrollo local, Gobierno y política local, Sucesos, seguridad y convivencia ciudadana, Temas sociales locales (como salud, educación, transporte, servicios públicos), Todo lo comunitario y denuncias ",Publicidad,"Presiones indirectas que influyen en la cobertura (por ejemplo, económicas, políticas o de seguridad)"
Falcón,"Canal o grupo de mensajería en Telegram, Cuenta en Instagram, Cuenta en Facebook, Cuenta en TikTok, Cuenta en X, Cuenta en Youtube, Periódico (impreso), Portal web de noticias",Privado,No se maneja esta información,Publicidad,No se maneja esta información
Guárico,"Cuenta en Instagram, Cuenta en Facebook, Cuenta en TikTok, Cuenta en X, Cuenta en Youtube, Portal web de noticias",Privado,"Arte y cultura local, Deporte local, Economía y desarrollo local, Gobierno y política local, Investigación y vigilancia al poder, Medio ambiente y sostenibilidad, Sucesos, seguridad y convivencia ciudadana, Temas sociales locales (como salud, educación, transporte, servicios públicos)",No hay ninguna fuente de ingresos,"Decisiones de no cubrir ciertos contenidos por precaución (autocensura), Presiones indirectas que influyen en la cobertura (por ejemplo, económicas, políticas o de seguridad)"
Guárico,"Canal o grupo de mensajería en Whatsapp, Cuenta en Instagram, Cuenta en TikTok, Radio (AM o FM)",Privado,"Economía y desarrollo local, Investigación y vigilancia al poder, Medio ambiente y sostenibilidad, Sucesos, seguridad y convivencia ciudadana, Temas sociales locales (como salud, educación, transporte, servicios públicos)",No sabe / Prefiere no responder,"Decisiones de no cubrir ciertos contenidos por precaución (autocensura), Presiones indirectas que influyen en la cobertura (por ejemplo, económicas, políticas o de seguridad)"
Guárico,"Canal o grupo de mensajería en Whatsapp, Canal o grupo de mensajería en Telegram, Cuenta en Instagram, Cuenta en Facebook, Cuenta en TikTok, Cuenta en X, Cuenta en Youtube, Podcast, Portal web de noticias, Radio (AM o FM), Radio transmitida vía web",Privado,"Arte y cultura local, Deporte local, Economía y desarrollo local, Gobierno y política local, Investigación y vigilancia al poder, Medio ambiente y sostenibilidad, Temas sociales locales (como salud, educación, transporte, servicios públicos)","Publicidad, Talleres / Capacitaciones, Venta de productos y servicios, ","Decisiones de no cubrir ciertos contenidos por precaución (autocensura), Presiones indirectas que influyen en la cobertura (por ejemplo, económicas, políticas o de seguridad)"
Guárico,"Canal o grupo de mensajería en Whatsapp, Canal o grupo de mensajería en Telegram, Cuenta en Instagram, Cuenta en Facebook, Portal web de noticias","Tiene estructura jurídica, pero trabaja sin esa naturaleza por los momentos, dado los impuestos que esto generaría y la dificultad para cumplirlos, dado los ingresos actuales. Entonces, se trabaja de manera independiente, con la responsabilidad asumida como periodista colegiada número 6.664","Arte y cultura local, Deporte local, Economía y desarrollo local, Medio ambiente y sostenibilidad, Sucesos, seguridad y convivencia ciudadana, Temas sociales locales (como salud, educación, transporte, servicios públicos)","Aportes monetarios de los fundadores y/o el equipo, Contenidos puntuales patrocinados, Eventos, Publicidad","Decisiones de no cubrir ciertos contenidos por precaución (autocensura), Presiones indirectas que influyen en la cobertura (por ejemplo, económicas, políticas o de seguridad)"
Guárico,"Canal o grupo de mensajería en Whatsapp, Canal o grupo de mensajería en Telegram, Cuenta en Instagram, Cuenta en Facebook, Cuenta en TikTok, Periódico (impreso), Portal web de noticias, Radio (AM o FM), Radio transmitida vía web",Privado,"Arte y cultura local, Deporte local, Economía y desarrollo local, Gobierno y política local, Medio ambiente y sostenibilidad, Sucesos, seguridad y convivencia ciudadana, Temas sociales locales (como salud, educación, transporte, servicios públicos)",No hay ninguna fuente de ingresos,"Decisiones de no cubrir ciertos contenidos por precaución (autocensura), Presiones indirectas que influyen en la cobertura (por ejemplo, económicas, políticas o de seguridad), No ha enfrentado este tipo de situaciones"
Guárico,"Canal o grupo de mensajería en Whatsapp, Canal o grupo de mensajería en Telegram, Cuenta en Instagram, Cuenta en Facebook, Cuenta en TikTok, Cuenta en X",Privado,"Arte y cultura local, Deporte local, Economía y desarrollo local, Gobierno y política local, Investigación y vigilancia al poder, Medio ambiente y sostenibilidad, Sucesos, seguridad y convivencia ciudadana, Temas sociales locales (como salud, educación, transporte, servicios públicos)","Contenidos puntuales patrocinados, Publicidad",Decisiones de no cubrir ciertos contenidos por precaución (autocensura)
Guárico,"Canal o grupo de mensajería en Whatsapp, Cuenta en Instagram, Cuenta en Facebook, Cuenta en TikTok",Privado,"Arte y cultura local, Deporte local, Temas sociales locales (como salud, educación, transporte, servicios públicos)",Publicidad,Restricciones o impedimentos externos para cubrir ciertos temas (censura directa)
Guárico,"Cuenta en Instagram, Cuenta en Facebook, Cuenta en X, Portal web de noticias",No se maneja esta información,"Arte y cultura local, Deporte local, Economía y desarrollo local, Gobierno y política local, Medio ambiente y sostenibilidad, Sucesos, seguridad y convivencia ciudadana, ",Publicidad,No se maneja esta información
Guárico,"Cuenta en Instagram, Portal web de noticias",No se maneja esta información,"Arte y cultura local, Deporte local, Economía y desarrollo local, Gobierno y política local, Sucesos, seguridad y convivencia ciudadana, Temas sociales locales (como salud, educación, transporte, servicios públicos)",No se maneja esta información,No se maneja esta información
Guárico,"Cuenta en Instagram, Cuenta en Facebook, Portal web de noticias",No se maneja esta información,"Arte y cultura local, Deporte local, Economía y desarrollo local, Gobierno y política local, Sucesos, seguridad y convivencia ciudadana, Temas sociales locales (como salud, educación, transporte, servicios públicos)",Publicidad,No se maneja esta información
Guárico,"Cuenta en TikTok, Cuenta en Youtube, TV (señal abierta o cable), TV transmitida vía web",Privado,"Arte y cultura local, Deporte local, Economía y desarrollo local, Gobierno y política local, Medio ambiente y sostenibilidad, Sucesos, seguridad y convivencia ciudadana, Temas sociales locales (como salud, educación, transporte, servicios públicos)","Publicidad, Venta de productos y servicios",No se maneja esta información
Guárico,"Cuenta en Instagram, Cuenta en Facebook, Portal web de noticias",Privado,"Arte y cultura local, Deporte local, Economía y desarrollo local, Gobierno y política local, Medio ambiente y sostenibilidad, Sucesos, seguridad y convivencia ciudadana, Temas sociales locales (como salud, educación, transporte, servicios públicos)",No se maneja esta información,No se maneja esta información
Guárico,"Cuenta en Instagram, Radio (AM o FM), Radio transmitida vía web",No se maneja esta información,"Arte y cultura local, Deporte local, Temas sociales locales (como salud, educación, transporte, servicios públicos)",Publicidad,No se maneja esta información
Guárico,"Canal o grupo de mensajería en Telegram, Cuenta en Instagram, Portal web de noticias",Estatal,"Arte y cultura local, Deporte local, Economía y desarrollo local, Gobierno y política local, Temas sociales locales (como salud, educación, transporte, servicios públicos)",Fondos gubernamentales,No se maneja esta información
Guárico,"Canal o grupo de mensajería en Whatsapp, Cuenta en Instagram, Cuenta en Facebook, Cuenta en TikTok, Cuenta en X, Cuenta en Youtube, Portal web de noticias, TV (señal abierta o cable), TV transmitida vía web",Privado,"Arte y cultura local, Deporte local, Economía y desarrollo local, Gobierno y política local, Medio ambiente y sostenibilidad, Sucesos, seguridad y convivencia ciudadana, Temas sociales locales (como salud, educación, transporte, servicios públicos)","Contenidos puntuales patrocinados, Publicidad",No se maneja esta información
Guárico,"Cuenta en Instagram, Portal web de noticias",Privado,"Arte y cultura local, Deporte local, Economía y desarrollo local, Gobierno y política local, Medio ambiente y sostenibilidad, Sucesos, seguridad y convivencia ciudadana, Temas sociales locales (como salud, educación, transporte, servicios públicos)",No se maneja esta información,No se maneja esta información
Lara,"Canal o grupo de mensajería en Whatsapp, Canal o grupo de mensajería en Telegram, Cuenta en Instagram, Cuenta en Facebook, Cuenta en TikTok, Cuenta en X, Cuenta en Youtube, Periódico (impreso), Portal web de noticias",Privado,"Arte y cultura local, Deporte local, Economía y desarrollo local, Gobierno y política local, Investigación y vigilancia al poder, Medio ambiente y sostenibilidad, Sucesos, seguridad y convivencia ciudadana, Temas sociales locales (como salud, educación, transporte, servicios públicos)","Publicidad, Venta de productos y servicios, No sabe / Prefiere no responder",Decisiones de no cubrir ciertos contenidos por precaución (autocensura)
Lara,"Canal o grupo de mensajería en Whatsapp, Canal o grupo de mensajería en Telegram, Cuenta en Instagram, Cuenta en Facebook, Cuenta en TikTok, Cuenta en X, Cuenta en Youtube, Portal web de noticias",Privado,"Deporte local, Economía y desarrollo local, Gobierno y política local, Sucesos, seguridad y convivencia ciudadana, Temas sociales locales (como salud, educación, transporte, servicios públicos)",No sabe / Prefiere no responder,Restricciones o impedimentos externos para cubrir ciertos temas (censura directa)
Lara,"Canal o grupo de mensajería en Whatsapp, Canal o grupo de mensajería en Telegram, Cuenta en Instagram, Cuenta en Facebook, Cuenta en TikTok, Cuenta en X, Cuenta en Youtube, Periodismo cara a cara, Portal web de noticias","Organización sin fines de lucro (asociación civil, fundación, ONG)","Economía y desarrollo local, Investigación y vigilancia al poder, Temas sociales locales (como salud, educación, transporte, servicios públicos)","Subvenciones o financiamiento internacional, Publicidad",Restricciones o impedimentos externos para cubrir ciertos temas (censura directa)
Lara,"Canal o grupo de mensajería en Whatsapp, Canal o grupo de mensajería en Telegram, Cuenta en Instagram, Cuenta en Facebook, Cuenta en TikTok, Cuenta en X, Portal web de noticias",Privado,"Arte y cultura local, Deporte local, Economía y desarrollo local, Gobierno y política local, Sucesos, seguridad y convivencia ciudadana, Temas sociales locales (como salud, educación, transporte, servicios públicos)",No hay ninguna fuente de ingresos,Decisiones de no cubrir ciertos contenidos por precaución (autocensura)
Lara,"Canal o grupo de mensajería en Whatsapp, Canal o grupo de mensajería en Telegram, Cuenta en Instagram, Cuenta en Facebook, Cuenta en X, Cuenta en Youtube, Portal web de noticias",Privado,"Economía y desarrollo local, Investigación y vigilancia al poder, Sucesos, seguridad y convivencia ciudadana, Temas sociales locales (como salud, educación, transporte, servicios públicos)",Donaciones de empresas,"Restricciones o impedimentos externos para cubrir ciertos temas (censura directa), Decisiones de no cubrir ciertos contenidos por precaución (autocensura), Presiones indirectas que influyen en la cobertura (por ejemplo, económicas, políticas o de seguridad)"
Lara,"Cuenta en Instagram, Cuenta en X, Portal web de noticias","Organización sin fines de lucro (asociación civil, fundación, ONG)","Investigación y vigilancia al poder, Temas relacionados con la infancia todo lo que pueda afectar a la infancia, niñez y adolescencia ",Subvenciones o financiamiento internacional,Decisiones de no cubrir ciertos contenidos por precaución (autocensura)
Lara,"Cuenta en Instagram, Cuenta en X, Portal web de noticias","Organización sin fines de lucro (asociación civil, fundación, ONG)","Investigación y vigilancia al poder, Temas relacionados con la infancia todo lo que pueda afectar a la infancia, niñez y adolescencia ",Subvenciones o financiamiento internacional,Decisiones de no cubrir ciertos contenidos por precaución (autocensura)
Lara,"Canal o grupo de mensajería en Whatsapp, Cuenta en Instagram, Cuenta en Facebook, Cuenta en TikTok, Cuenta en X, Portal web de noticias, Radio (AM o FM)","Organización sin fines de lucro (asociación civil, fundación, ONG)","Por ser un medio de fact-checking, cubrimos todos los temas, pero enfocados en desmentir bulos o desinformaciones que circulen en la región, pero también en el resto del país. Todas las desinformaciones que circulen en Venezuela",Subvenciones o financiamiento internacional,Decisiones de no cubrir ciertos contenidos por precaución (autocensura)
Lara,"Canal o grupo de mensajería en Whatsapp, Cuenta en Instagram, Cuenta en Facebook, Cuenta en X, Radio (AM o FM), Radio transmitida vía web",No sabe / Prefiere no responder,Arte y cultura local,Aportes monetarios de los fundadores y/o el equipo,No ha enfrentado este tipo de situaciones
Lara,"Canal o grupo de mensajería en Whatsapp, Cuenta en Instagram, Cuenta en Facebook, Cuenta en Youtube, Portal web de noticias",Privado,"Economía y desarrollo local, Gobierno y política local, Temas sociales locales (como salud, educación, transporte, servicios públicos)","Contenidos puntuales patrocinados, Publicidad","Presiones indirectas que influyen en la cobertura (por ejemplo, económicas, políticas o de seguridad)"
Lara,"Canal o grupo de mensajería en Whatsapp, Canal o grupo de mensajería en Telegram, Cuenta en Instagram, Portal web de noticias, Radio (AM o FM)",Privado,"Arte y cultura local, Deporte local, Economía y desarrollo local, Medio ambiente y sostenibilidad, Sucesos, seguridad y convivencia ciudadana, Temas sociales locales (como salud, educación, transporte, servicios públicos)",Publicidad,"Restricciones o impedimentos externos para cubrir ciertos temas (censura directa), Presiones indirectas que influyen en la cobertura (por ejemplo, económicas, políticas o de seguridad)"
Lara,"Canal o grupo de mensajería en Whatsapp, Cuenta en Instagram, Cuenta en Facebook, Cuenta en TikTok, Cuenta en X, Cuenta en Youtube, Periódico (impreso), Portal web de noticias, Radio (AM o FM), Radio transmitida vía web, TV (señal abierta o cable), TV transmitida vía web, ",Privado,"Arte y cultura local, Deporte local, Economía y desarrollo local, Gobierno y política local, Sucesos, seguridad y convivencia ciudadana, Temas sociales locales (como salud, educación, transporte, servicios públicos)",Publicidad,Decisiones de no cubrir ciertos contenidos por precaución (autocensura)
Lara,"Canal o grupo de mensajería en Whatsapp, Canal o grupo de mensajería en Telegram, Cuenta en Instagram, Cuenta en Facebook, Cuenta en TikTok, Cuenta en X, Cuenta en Youtube, Periódico (impreso), Periodismo cara a cara, Radio (AM o FM), TV transmitida vía web",Privado,"Arte y cultura local, Deporte local, Economía y desarrollo local, Gobierno y política local, Investigación y vigilancia al poder, Medio ambiente y sostenibilidad, Sucesos, seguridad y convivencia ciudadana, Temas sociales locales (como salud, educación, transporte, servicios públicos)","Aportes monetarios de los fundadores y/o el equipo, Contenidos puntuales patrocinados, Eventos, Publicidad, Talleres / Capacitaciones","Restricciones o impedimentos externos para cubrir ciertos temas (censura directa), Decisiones de no cubrir ciertos contenidos por precaución (autocensura), Presiones indirectas que influyen en la cobertura (por ejemplo, económicas, políticas o de seguridad)"
Lara,"Canal o grupo de mensajería en Whatsapp, Cuenta en Instagram, Cuenta en Facebook, Cuenta en TikTok, Cuenta en X, Cuenta en Youtube, Podcast, Portal web de noticias","Organización sin fines de lucro (asociación civil, fundación, ONG)","Economía y desarrollo local, Gobierno y política local, Investigación y vigilancia al poder, Medio ambiente y sostenibilidad, Temas sociales locales (como salud, educación, transporte, servicios públicos)",No sabe / Prefiere no responder,Restricciones o impedimentos externos para cubrir ciertos temas (censura directa)
Lara,"Canal o grupo de mensajería en Telegram, Cuenta en Instagram, Cuenta en Facebook, Cuenta en X, Cuenta en Youtube, Portal web de noticias",Privado,"Arte y cultura local, Deporte local, Economía y desarrollo local, Gobierno y política local, Temas sociales locales (como salud, educación, transporte, servicios públicos)","Aportes monetarios de los fundadores y/o el equipo, Campañas de financiamiento colectivo (crowdfunding), Contenidos puntuales patrocinados, Donaciones de la audiencia, membresías o suscripciones, Eventos, Subvenciones o financiamiento internacional, Talleres / Capacitaciones","Restricciones o impedimentos externos para cubrir ciertos temas (censura directa), Presiones indirectas que influyen en la cobertura (por ejemplo, económicas, políticas o de seguridad)"
Lara,"Canal o grupo de mensajería en Whatsapp, Canal o grupo de mensajería en Telegram, Cuenta en Instagram, Cuenta en Facebook, Cuenta en TikTok, Cuenta en X, Cuenta en Youtube, TV (señal abierta o cable)",Privado,"Economía y desarrollo local, Gobierno y política local, Sucesos, seguridad y convivencia ciudadana, Temas sociales locales (como salud, educación, transporte, servicios públicos)","Contenidos puntuales patrocinados, Publicidad",No ha enfrentado este tipo de situaciones
Lara,"Cuenta en Instagram, Cuenta en TikTok, Cuenta en X, Cuenta en Youtube, Portal web de noticias, Radio (AM o FM), Radio transmitida vía web",Privado,"Economía y desarrollo local, Gobierno y política local, Sucesos, seguridad y convivencia ciudadana, Temas sociales locales (como salud, educación, transporte, servicios públicos)","Aportes monetarios de los fundadores y/o el equipo, Contenidos puntuales patrocinados, Publicidad",No ha enfrentado este tipo de situaciones
Lara,"Canal o grupo de mensajería en Whatsapp, Cuenta en Facebook, Cuenta en TikTok, Cuenta en X, Cuenta en Youtube, Portal web de noticias, Radio (AM o FM), Radio transmitida vía web, TV (señal abierta o cable), TV transmitida vía web",Privado,"Economía y desarrollo local, Gobierno y política local, Sucesos, seguridad y convivencia ciudadana, Temas sociales locales (como salud, educación, transporte, servicios públicos)",Publicidad,No ha enfrentado este tipo de situaciones
Lara,"Cuenta en Instagram, Cuenta en X, Periodismo cara a cara","Organización sin fines de lucro (asociación civil, fundación, ONG)","Arte y cultura local, Deporte local, Economía y desarrollo local, Gobierno y política local, Medio ambiente y sostenibilidad, Temas sociales locales (como salud, educación, transporte, servicios públicos)",Subvenciones o financiamiento internacional,"Decisiones de no cubrir ciertos contenidos por precaución (autocensura), Presiones indirectas que influyen en la cobertura (por ejemplo, económicas, políticas o de seguridad)"
Lara,"Cuenta en Instagram, Cuenta en Youtube, Radio (AM o FM), Radio transmitida vía web","Organización sin fines de lucro (asociación civil, fundación, ONG)","Temas sociales locales (como salud, educación, transporte, servicios públicos)","Donaciones de la audiencia, membresías o suscripciones, Publicidad, Subvenciones o financiamiento internacional",No se maneja esta información
Lara,"Canal o grupo de mensajería en Telegram, Cuenta en Instagram, Cuenta en Facebook, Cuenta en TikTok, Cuenta en X, Cuenta en Youtube, Periódico (impreso), Portal web de noticias",Privado,"Arte y cultura local, Deporte local, Economía y desarrollo local, Gobierno y política local, Temas sociales locales (como salud, educación, transporte, servicios públicos)",Publicidad,No se maneja esta información
La Guaira,"Canal o grupo de mensajería en Whatsapp, Canal o grupo de mensajería en Telegram, Cuenta en Instagram, Cuenta en Facebook",Privado,"Arte y cultura local, Deporte local, Economía y desarrollo local, Gobierno y política local, Medio ambiente y sostenibilidad, Sucesos, seguridad y convivencia ciudadana, Temas sociales locales (como salud, educación, transporte, servicios públicos)","Contenidos puntuales patrocinados, Publicidad, Talleres / Capacitaciones","Restricciones o impedimentos externos para cubrir ciertos temas (censura directa), Decisiones de no cubrir ciertos contenidos por precaución (autocensura), Presiones indirectas que influyen en la cobertura (por ejemplo, económicas, políticas o de seguridad)"
La Guaira,"Cuenta en Instagram, Cuenta en TikTok, Cuenta en X, Periodismo cara a cara","Organización sin fines de lucro (asociación civil, fundación, ONG)","Arte y cultura local, Deporte local, Economía y desarrollo local, Gobierno y política local, Medio ambiente y sostenibilidad, Temas sociales locales (como salud, educación, transporte, servicios públicos)","Contenidos puntuales patrocinados, Donaciones de la audiencia, membresías o suscripciones, Subvenciones o financiamiento internacional, Talleres / Capacitaciones","Decisiones de no cubrir ciertos contenidos por precaución (autocensura), Presiones indirectas que influyen en la cobertura (por ejemplo, económicas, políticas o de seguridad)"
La Guaira,Cuenta en TikTok,Privado,"Deporte local, Gobierno y política local, Medio ambiente y sostenibilidad, Sucesos, seguridad y convivencia ciudadana, Temas sociales locales (como salud, educación, transporte, servicios públicos)",No sabe / Prefiere no responder,"Presiones indirectas que influyen en la cobertura (por ejemplo, económicas, políticas o de seguridad)"
La Guaira,"Canal o grupo de mensajería en Whatsapp, Canal o grupo de mensajería en Telegram, Cuenta en Instagram, Cuenta en Facebook, Cuenta en X, Portal web de noticias, Radio transmitida vía web",No sabe / Prefiere no responder,"Arte y cultura local, Deporte local, Economía y desarrollo local, Sucesos, seguridad y convivencia ciudadana, Temas sociales locales (como salud, educación, transporte, servicios públicos)","Contenidos puntuales patrocinados, Publicidad",No ha enfrentado este tipo de situaciones
La Guaira,"Cuenta en Instagram, Periodismo cara a cara",Comunitario,"Gobierno y política local, Sucesos, seguridad y convivencia ciudadana, Temas sociales locales (como salud, educación, transporte, servicios públicos)","Aportes monetarios de los fundadores y/o el equipo, Publicidad","Restricciones o impedimentos externos para cubrir ciertos temas (censura directa), Decisiones de no cubrir ciertos contenidos por precaución (autocensura), Presiones indirectas que influyen en la cobertura (por ejemplo, económicas, políticas o de seguridad)"
La Guaira,"Canal o grupo de mensajería en Telegram, Cuenta en Instagram, Cuenta en Facebook, Cuenta en TikTok, Cuenta en X, Cuenta en Youtube, Periódico (impreso), Portal web de noticias",Privado,"Arte y cultura local, Deporte local, Economía y desarrollo local, Gobierno y política local, Investigación y vigilancia al poder, Medio ambiente y sostenibilidad, Sucesos, seguridad y convivencia ciudadana, Temas sociales locales (como salud, educación, transporte, servicios públicos)",Publicidad,Prefiere no responder
La Guaira,"Cuenta en Instagram, Cuenta en Facebook, Cuenta en TikTok, Portal web de noticias, Threads",No se maneja esta información,"Arte y cultura local, Deporte local, Economía y desarrollo local, Gobierno y política local, Medio ambiente y sostenibilidad, Sucesos, seguridad y convivencia ciudadana, Temas sociales locales (como salud, educación, transporte, servicios públicos)",No se maneja esta información,No se maneja esta información
La Guaira,"Cuenta en Instagram, Cuenta en Facebook, Cuenta en TikTok, Radio (AM o FM), Radio transmitida vía web, Twitch, Threads","Fuentes señalan que aunque es de capital privado, la compró el Gobernador de la entidad","Arte y cultura local, Economía y desarrollo local, Gobierno y política local, Sucesos, seguridad y convivencia ciudadana, Temas sociales locales (como salud, educación, transporte, servicios públicos)","Contenidos puntuales patrocinados, Publicidad, No se maneja esta información",No se maneja esta información
Mérida,"Canal o grupo de mensajería en Whatsapp, Canal o grupo de mensajería en Telegram, Cuenta en Instagram, Cuenta en Facebook, Cuenta en TikTok, Cuenta en X",Privado,"Arte y cultura local, Gobierno y política local, Temas sociales locales (como salud, educación, transporte, servicios públicos)","Contenidos puntuales patrocinados, Publicidad, Venta de productos y servicios","Restricciones o impedimentos externos para cubrir ciertos temas (censura directa), Decisiones de no cubrir ciertos contenidos por precaución (autocensura)"
Mérida,"Canal o grupo de mensajería en Whatsapp, Canal o grupo de mensajería en Telegram, Cuenta en Instagram, Cuenta en Facebook, Cuenta en TikTok, Cuenta en X, Cuenta en Youtube",Privado,"Sucesos, seguridad y convivencia ciudadana, Temas sociales locales (como salud, educación, transporte, servicios públicos)","Subvenciones o financiamiento internacional, Publicidad",Restricciones o impedimentos externos para cubrir ciertos temas (censura directa)
Mérida,Portal web de noticias,Independiente ,"Arte y cultura local, Deporte local, Economía y desarrollo local, Gobierno y política local, Investigación y vigilancia al poder, Medio ambiente y sostenibilidad, Sucesos, seguridad y convivencia ciudadana, Temas sociales locales (como salud, educación, transporte, servicios públicos)",No hay ninguna fuente de ingresos,"Restricciones o impedimentos externos para cubrir ciertos temas (censura directa), Decisiones de no cubrir ciertos contenidos por precaución (autocensura), Presiones indirectas que influyen en la cobertura (por ejemplo, económicas, políticas o de seguridad)"
Mérida,"Cuenta en Instagram, Cuenta en X, Portal web de noticias","Organización sin fines de lucro (asociación civil, fundación, ONG)","Temas sociales locales (como salud, educación, transporte, servicios públicos), Vulneración de DDHH a NNA/ Participación - Activismo de NNA. Diferentes temas vinculados a los NNA. ",Subvenciones o financiamiento internacional,Decisiones de no cubrir ciertos contenidos por precaución (autocensura)
Mérida,"Canal o grupo de mensajería en Whatsapp, Cuenta en Facebook, Cuenta en X, Radio (AM o FM)",Proyecto u organización sin figura jurídica,"Arte y cultura local, Deporte local, Economía y desarrollo local, Gobierno y política local, Investigación y vigilancia al poder, Medio ambiente y sostenibilidad, Sucesos, seguridad y convivencia ciudadana, Temas sociales locales (como salud, educación, transporte, servicios públicos)",No hay ninguna fuente de ingresos,"Restricciones o impedimentos externos para cubrir ciertos temas (censura directa), Decisiones de no cubrir ciertos contenidos por precaución (autocensura), Presiones indirectas que influyen en la cobertura (por ejemplo, económicas, políticas o de seguridad)"
Mérida,"Canal o grupo de mensajería en Whatsapp, Cuenta en Instagram, Cuenta en TikTok, Radio (AM o FM), Radio transmitida vía web",Privado,"Arte y cultura local, Deporte local, Gobierno y política local, Medio ambiente y sostenibilidad, Sucesos, seguridad y convivencia ciudadana, Temas sociales locales (como salud, educación, transporte, servicios públicos)","Contenidos puntuales patrocinados, Eventos, Fondos gubernamentales, Publicidad","Decisiones de no cubrir ciertos contenidos por precaución (autocensura), Presiones indirectas que influyen en la cobertura (por ejemplo, económicas, políticas o de seguridad)"
Mérida,"Canal o grupo de mensajería en Whatsapp, Cuenta en Instagram, Cuenta en Facebook, Cuenta en TikTok, Cuenta en Youtube, Portal web de noticias, Radio (AM o FM)","Organización sin fines de lucro (asociación civil, fundación, ONG)","Arte y cultura local, Deporte local, Economía y desarrollo local, Medio ambiente y sostenibilidad, Temas sociales locales (como salud, educación, transporte, servicios públicos)","Donaciones de empresas, Fondos gubernamentales, Publicidad, Subvenciones o financiamiento internacional, Talleres / Capacitaciones",Decisiones de no cubrir ciertos contenidos por precaución (autocensura)
Mérida,"Portal web de noticias, Radio (AM o FM), Radio transmitida vía web",No sabe / Prefiere no responder,"Arte y cultura local, Deporte local, Economía y desarrollo local, Gobierno y política local, Medio ambiente y sostenibilidad, Sucesos, seguridad y convivencia ciudadana, Temas sociales locales (como salud, educación, transporte, servicios públicos)","Fondos gubernamentales, Publicidad","Decisiones de no cubrir ciertos contenidos por precaución (autocensura), Presiones indirectas que influyen en la cobertura (por ejemplo, económicas, políticas o de seguridad)"
Mérida,"Canal o grupo de mensajería en Whatsapp, Canal o grupo de mensajería en Telegram, Cuenta en Instagram, Radio (AM o FM)",Estatal,"Arte y cultura local, Deporte local, Economía y desarrollo local, Gobierno y política local, Medio ambiente y sostenibilidad, Sucesos, seguridad y convivencia ciudadana, Temas sociales locales (como salud, educación, transporte, servicios públicos)",No hay ninguna fuente de ingresos,No ha enfrentado este tipo de situaciones
Mérida,Canal o grupo de mensajería en Whatsapp,Comunitario,De todo un poco,No hay ninguna fuente de ingresos,"Decisiones de no cubrir ciertos contenidos por precaución (autocensura), Presiones indirectas que influyen en la cobertura (por ejemplo, económicas, políticas o de seguridad)"
Mérida,"Canal o grupo de mensajería en Whatsapp, Canal o grupo de mensajería en Telegram, Cuenta en Instagram, Cuenta en Facebook, Cuenta en TikTok, Cuenta en X, Cuenta en Youtube",Privado,"Arte y cultura local, Deporte local, Economía y desarrollo local, Gobierno y política local, Sucesos, seguridad y convivencia ciudadana, Temas sociales locales (como salud, educación, transporte, servicios públicos)","Aportes monetarios de los fundadores y/o el equipo, Publicidad",Decisiones de no cubrir ciertos contenidos por precaución (autocensura)
Mérida,"Canal o grupo de mensajería en Telegram, Cuenta en Instagram, Cuenta en Facebook, Portal web de noticias",Estatal,"Arte y cultura local, Deporte local, Economía y desarrollo local, Gobierno y política local, Medio ambiente y sostenibilidad, Sucesos, seguridad y convivencia ciudadana, Temas sociales locales (como salud, educación, transporte, servicios públicos)","Aportes monetarios de los fundadores y/o el equipo, Publicidad",Decisiones de no cubrir ciertos contenidos por precaución (autocensura)
Mérida,"Cuenta en Instagram, Cuenta en X, Cuenta en Youtube, TV (señal abierta o cable), TV transmitida vía web",Privado,"Arte y cultura local, Gobierno y política local, Medio ambiente y sostenibilidad, Sucesos, seguridad y convivencia ciudadana, Temas sociales locales (como salud, educación, transporte, servicios públicos)",No sabe / Prefiere no responder,Decisiones de no cubrir ciertos contenidos por precaución (autocensura)
Mérida,Cuenta en Instagram,No sabe / Prefiere no responder,"Arte y cultura local, Deporte local, Economía y desarrollo local, Gobierno y política local, Medio ambiente y sostenibilidad, Sucesos, seguridad y convivencia ciudadana, Temas sociales locales (como salud, educación, transporte, servicios públicos)",No hay ninguna fuente de ingresos,"Presiones indirectas que influyen en la cobertura (por ejemplo, económicas, políticas o de seguridad)"
Mérida,"Canal o grupo de mensajería en Whatsapp, Cuenta en Instagram, Cuenta en Facebook",Comunitario,"Temas sociales locales (como salud, educación, transporte, servicios públicos)",No hay ninguna fuente de ingresos,No ha enfrentado este tipo de situaciones
Mérida,"Canal o grupo de mensajería en Whatsapp, Cuenta en Instagram, Cuenta en TikTok, Cuenta en X, Podcast, Portal web de noticias","Organización sin fines de lucro (asociación civil, fundación, ONG)","Arte y cultura local, Economía y desarrollo local, Gobierno y política local, Investigación y vigilancia al poder, Medio ambiente y sostenibilidad, Temas sociales locales (como salud, educación, transporte, servicios públicos)","Aportes monetarios de los fundadores y/o el equipo, Subvenciones o financiamiento internacional",Decisiones de no cubrir ciertos contenidos por precaución (autocensura)
Mérida,Cuenta en Instagram,Privado,"Arte y cultura local, Deporte local, Economía y desarrollo local, Gobierno y política local, Investigación y vigilancia al poder, Medio ambiente y sostenibilidad, Sucesos, seguridad y convivencia ciudadana, Temas sociales locales (como salud, educación, transporte, servicios públicos)",Publicidad,No ha enfrentado este tipo de situaciones
Mérida,"Canal o grupo de mensajería en Whatsapp, Canal o grupo de mensajería en Telegram, Cuenta en Instagram, Radio (AM o FM)",Estatal,"Arte y cultura local, Economía y desarrollo local, Medio ambiente y sostenibilidad, Universidad ",Fondos gubernamentales,Decisiones de no cubrir ciertos contenidos por precaución (autocensura)
Mérida,"Canal o grupo de mensajería en Whatsapp, Canal o grupo de mensajería en Telegram, Cuenta en Instagram, Cuenta en Facebook, Cuenta en TikTok, Cuenta en X, Cuenta en Youtube, Periodismo cara a cara, Podcast, Portal web de noticias, Radio (AM o FM)",Estatal,"Arte y cultura local, Deporte local, Economía y desarrollo local, Gobierno y política local, Investigación y vigilancia al poder, Medio ambiente y sostenibilidad, Sucesos, seguridad y convivencia ciudadana, Temas sociales locales (como salud, educación, transporte, servicios públicos)",Publicidad,"Decisiones de no cubrir ciertos contenidos por precaución (autocensura), Presiones indirectas que influyen en la cobertura (por ejemplo, económicas, políticas o de seguridad)"
Mérida,"Canal o grupo de mensajería en Whatsapp, Cuenta en Instagram, Cuenta en Facebook, Cuenta en TikTok, Cuenta en Youtube, Portal web de noticias",Privado,"Arte y cultura local, Deporte local, Gobierno y política local, Sucesos, seguridad y convivencia ciudadana, Temas sociales locales (como salud, educación, transporte, servicios públicos)",Publicidad,"Decisiones de no cubrir ciertos contenidos por precaución (autocensura), Prefiere no responder"
Mérida,"Canal o grupo de mensajería en Whatsapp, Cuenta en Instagram, Cuenta en Facebook, Cuenta en TikTok, Cuenta en X, Portal web de noticias, Radio (AM o FM)",Privado,"Arte y cultura local, Deporte local, Economía y desarrollo local, Gobierno y política local, Investigación y vigilancia al poder, Sucesos, seguridad y convivencia ciudadana, Temas sociales locales (como salud, educación, transporte, servicios públicos)","Aportes monetarios de los fundadores y/o el equipo, Publicidad","Decisiones de no cubrir ciertos contenidos por precaución (autocensura), Presiones indirectas que influyen en la cobertura (por ejemplo, económicas, políticas o de seguridad)"
Mérida,"Canal o grupo de mensajería en Whatsapp, Cuenta en Instagram, Cuenta en TikTok",Privado,"Sucesos, seguridad y convivencia ciudadana",Contenidos puntuales patrocinados,"Presiones indirectas que influyen en la cobertura (por ejemplo, económicas, políticas o de seguridad)"
Mérida,"Canal o grupo de mensajería en Whatsapp, Canal o grupo de mensajería en Telegram, Cuenta en Instagram, Cuenta en Facebook, Cuenta en X, Cuenta en Youtube, Portal web de noticias, Radio (AM o FM), Radio transmitida vía web",Estatal pero no gubernamental. Funciona bajo la autonomía universitaria ,"Arte y cultura local, Deporte local, Economía y desarrollo local, Gobierno y política local, Investigación y vigilancia al poder, Medio ambiente y sostenibilidad, Temas sociales locales (como salud, educación, transporte, servicios públicos)","Fondos gubernamentales, Publicidad, Subvenciones o financiamiento internacional, Venta de productos y servicios",No ha enfrentado este tipo de situaciones
Mérida,"Canal o grupo de mensajería en Whatsapp, Canal o grupo de mensajería en Telegram, Cuenta en Instagram, Cuenta en TikTok, Cuenta en Youtube, Portal web de noticias, Radio (AM o FM), Radio transmitida vía web",Comunitario,"Arte y cultura local, Deporte local, Economía y desarrollo local, Gobierno y política local, Investigación y vigilancia al poder, Medio ambiente y sostenibilidad, Sucesos, seguridad y convivencia ciudadana, Temas sociales locales (como salud, educación, transporte, servicios públicos)",Publicidad,No ha enfrentado este tipo de situaciones
Mérida,"Canal o grupo de mensajería en Whatsapp, Cuenta en Youtube",Privado,"Economía y desarrollo local, Gobierno y política local","Contenidos puntuales patrocinados, Subvenciones o financiamiento internacional","Decisiones de no cubrir ciertos contenidos por precaución (autocensura), Presiones indirectas que influyen en la cobertura (por ejemplo, económicas, políticas o de seguridad)"
Mérida,"Cuenta en Instagram, Cuenta en Facebook",Privado,"Gobierno y política local, Sucesos, seguridad y convivencia ciudadana, Temas sociales locales (como salud, educación, transporte, servicios públicos)",Publicidad,No ha enfrentado este tipo de situaciones
Mérida,"Canal o grupo de mensajería en Whatsapp, Canal o grupo de mensajería en Telegram, Cuenta en Instagram, Cuenta en Facebook, Cuenta en TikTok, Cuenta en X, Cuenta en Youtube, Radio (AM o FM), TV (señal abierta o cable)",Privado,"Gobierno y política local, Medio ambiente y sostenibilidad, Temas sociales locales (como salud, educación, transporte, servicios públicos)","Contenidos puntuales patrocinados, Alianzas ","Restricciones o impedimentos externos para cubrir ciertos temas (censura directa), Decisiones de no cubrir ciertos contenidos por precaución (autocensura)"
Mérida,"Radio (AM o FM), Radio transmitida vía web",Comunitario,"Sucesos, seguridad y convivencia ciudadana, Temas sociales locales (como salud, educación, transporte, servicios públicos)","Aportes monetarios de los fundadores y/o el equipo, Contenidos puntuales patrocinados, Donaciones de empresas, Publicidad",No ha enfrentado este tipo de situaciones
Mérida,"Canal o grupo de mensajería en Whatsapp, Canal o grupo de mensajería en Telegram, Cuenta en Instagram, Cuenta en Facebook, Cuenta en TikTok, Cuenta en Youtube, Portal web de noticias, Radio (AM o FM)",Comunitario,"Arte y cultura local, Deporte local, Gobierno y política local, Medio ambiente y sostenibilidad, Sucesos, seguridad y convivencia ciudadana, Temas sociales locales (como salud, educación, transporte, servicios públicos)","Contenidos puntuales patrocinados, Publicidad",Prefiere no responder
Mérida,"Canal o grupo de mensajería en Whatsapp, Cuenta en Instagram, Cuenta en TikTok, Radio (AM o FM)",Privado,"Arte y cultura local, Deporte local, Economía y desarrollo local, Gobierno y política local, Sucesos, seguridad y convivencia ciudadana, Temas sociales locales (como salud, educación, transporte, servicios públicos)",Publicidad,"Decisiones de no cubrir ciertos contenidos por precaución (autocensura), Presiones indirectas que influyen en la cobertura (por ejemplo, económicas, políticas o de seguridad)"
Mérida,"Canal o grupo de mensajería en Whatsapp, Cuenta en Instagram, Cuenta en Facebook, Periodismo cara a cara, Radio (AM o FM)",Privado,"Arte y cultura local, Deporte local, Economía y desarrollo local, Gobierno y política local, Investigación y vigilancia al poder, Medio ambiente y sostenibilidad, Sucesos, seguridad y convivencia ciudadana, Temas sociales locales (como salud, educación, transporte, servicios públicos)","Contenidos puntuales patrocinados, Publicidad","Decisiones de no cubrir ciertos contenidos por precaución (autocensura), Presiones indirectas que influyen en la cobertura (por ejemplo, económicas, políticas o de seguridad)"
Mérida,"Canal o grupo de mensajería en Whatsapp, Canal o grupo de mensajería en Telegram, Cuenta en Instagram, Cuenta en TikTok, Periódico (impreso), Periodismo cara a cara, Portal web de noticias, Radio (AM o FM), Radio transmitida vía web",Privado,"Arte y cultura local, Deporte local, Gobierno y política local, Investigación y vigilancia al poder, Medio ambiente y sostenibilidad, Sucesos, seguridad y convivencia ciudadana, Temas sociales locales (como salud, educación, transporte, servicios públicos)","Aportes monetarios de los fundadores y/o el equipo, Publicidad","Restricciones o impedimentos externos para cubrir ciertos temas (censura directa), Decisiones de no cubrir ciertos contenidos por precaución (autocensura), Presiones indirectas que influyen en la cobertura (por ejemplo, económicas, políticas o de seguridad)"
Mérida,"Canal o grupo de mensajería en Whatsapp, Canal o grupo de mensajería en Telegram, Cuenta en Instagram, Cuenta en Facebook, Cuenta en TikTok, Cuenta en X, Portal web de noticias",Privado,"Economía y desarrollo local, Gobierno y política local, Sucesos, seguridad y convivencia ciudadana, Temas sociales locales (como salud, educación, transporte, servicios públicos)","Publicidad, Subvenciones o financiamiento internacional","Decisiones de no cubrir ciertos contenidos por precaución (autocensura), Presiones indirectas que influyen en la cobertura (por ejemplo, económicas, políticas o de seguridad)"
Mérida,"Cuenta en Instagram, Portal web de noticias",Privado,"Deporte local, Economía y desarrollo local, Gobierno y política local, Sucesos, seguridad y convivencia ciudadana, Temas sociales locales (como salud, educación, transporte, servicios públicos)",Publicidad,No se maneja esta información
Mérida,Radio (AM o FM),Privado,"Arte y cultura local, Deporte local, Economía y desarrollo local, Gobierno y política local, Sucesos, seguridad y convivencia ciudadana, Temas sociales locales (como salud, educación, transporte, servicios públicos)",Publicidad,No se maneja esta información
Mérida,"Cuenta en Instagram, Radio (AM o FM)",Privado,"Deporte local, Sucesos, seguridad y convivencia ciudadana, Temas sociales locales (como salud, educación, transporte, servicios públicos)",Publicidad,No se maneja esta información
Mérida,"Canal o grupo de mensajería en Telegram, Cuenta en Instagram, Cuenta en Facebook, Cuenta en TikTok, Cuenta en X, Cuenta en Youtube, Portal web de noticias, TV (señal abierta o cable)",Privado,"Economía y desarrollo local, Gobierno y política local, Sucesos, seguridad y convivencia ciudadana, Temas sociales locales (como salud, educación, transporte, servicios públicos)","Contenidos puntuales patrocinados, Publicidad",No se maneja esta información
Mérida,"Cuenta en Instagram, Radio (AM o FM)",Privado,"Deporte local, Economía y desarrollo local, Gobierno y política local, Sucesos, seguridad y convivencia ciudadana, Temas sociales locales (como salud, educación, transporte, servicios públicos)",Publicidad,No se maneja esta información
Mérida,"Cuenta en Instagram, Radio (AM o FM)",Privado,"Deporte local, Economía y desarrollo local, Gobierno y política local, Sucesos, seguridad y convivencia ciudadana, Temas sociales locales (como salud, educación, transporte, servicios públicos)",No se maneja esta información,No se maneja esta información
Mérida,"Canal o grupo de mensajería en Whatsapp, Canal o grupo de mensajería en Telegram, Cuenta en Instagram, Cuenta en Facebook, Cuenta en TikTok, Cuenta en X, Cuenta en Youtube, TV (señal abierta o cable)",Privado,"Arte y cultura local, Deporte local, Economía y desarrollo local, Gobierno y política local, Sucesos, seguridad y convivencia ciudadana, Temas sociales locales (como salud, educación, transporte, servicios públicos)","Contenidos puntuales patrocinados, Publicidad",No se maneja esta información
Mérida,"Cuenta en Instagram, Radio (AM o FM)",Privado,"Arte y cultura local, Deporte local, Economía y desarrollo local, Gobierno y política local, Sucesos, seguridad y convivencia ciudadana, Temas sociales locales (como salud, educación, transporte, servicios públicos)",No se maneja esta información,No se maneja esta información
Mérida,"Cuenta en Instagram, Cuenta en X, Periodismo cara a cara","Organización sin fines de lucro (asociación civil, fundación, ONG)","Arte y cultura local, Deporte local, Economía y desarrollo local, Gobierno y política local, Medio ambiente y sostenibilidad, Temas sociales locales (como salud, educación, transporte, servicios públicos)",Subvenciones o financiamiento internacional,Decisiones de no cubrir ciertos contenidos por precaución (autocensura)
Mérida,"Canal o grupo de mensajería en Telegram, Cuenta en Instagram, Cuenta en Facebook, Cuenta en TikTok, Cuenta en X, Cuenta en Youtube, Periódico (impreso), Portal web de noticias",Privado,"Arte y cultura local, Deporte local, Economía y desarrollo local, Gobierno y política local, Sucesos, seguridad y convivencia ciudadana, Temas sociales locales (como salud, educación, transporte, servicios públicos)",Publicidad,No se maneja esta información
Miranda,"Canal o grupo de mensajería en Whatsapp, Canal o grupo de mensajería en Telegram, Cuenta en Instagram, Cuenta en Facebook, Cuenta en TikTok, Cuenta en X, Cuenta en Youtube, Portal web de noticias",Privado,"Arte y cultura local, Deporte local, Economía y desarrollo local, Gobierno y política local, Investigación y vigilancia al poder, Medio ambiente y sostenibilidad, Sucesos, seguridad y convivencia ciudadana, Temas sociales locales (como salud, educación, transporte, servicios públicos)","Contenidos puntuales patrocinados, Publicidad","Restricciones o impedimentos externos para cubrir ciertos temas (censura directa), Decisiones de no cubrir ciertos contenidos por precaución (autocensura), Presiones indirectas que influyen en la cobertura (por ejemplo, económicas, políticas o de seguridad)"
Miranda,"Canal o grupo de mensajería en Whatsapp, Canal o grupo de mensajería en Telegram, Cuenta en Instagram, Cuenta en Facebook, Cuenta en TikTok, Cuenta en X, Cuenta en Youtube, Portal web de noticias",Privado,"Arte y cultura local, Deporte local, Economía y desarrollo local, Gobierno y política local, Medio ambiente y sostenibilidad, Sucesos, seguridad y convivencia ciudadana, Temas sociales locales (como salud, educación, transporte, servicios públicos)",Publicidad,Decisiones de no cubrir ciertos contenidos por precaución (autocensura)
Miranda,"Canal o grupo de mensajería en Whatsapp, Cuenta en Instagram, Cuenta en Facebook, Cuenta en TikTok, Radio (AM o FM), Radio transmitida vía web",Privado,"Arte y cultura local, Deporte local, Economía y desarrollo local, Gobierno y política local, Medio ambiente y sostenibilidad, Sucesos, seguridad y convivencia ciudadana, Temas sociales locales (como salud, educación, transporte, servicios públicos)",Publicidad,Decisiones de no cubrir ciertos contenidos por precaución (autocensura)
Miranda,"Canal o grupo de mensajería en Whatsapp, Canal o grupo de mensajería en Telegram, Cuenta en Instagram, Cuenta en Facebook, Cuenta en TikTok, Cuenta en X, Cuenta en Youtube, Portal web de noticias",Privado,"Arte y cultura local, Deporte local, Economía y desarrollo local, Gobierno y política local, Medio ambiente y sostenibilidad, Sucesos, seguridad y convivencia ciudadana, Temas sociales locales (como salud, educación, transporte, servicios públicos)",Publicidad,Decisiones de no cubrir ciertos contenidos por precaución (autocensura)
Miranda,"Canal o grupo de mensajería en Whatsapp, Canal o grupo de mensajería en Telegram, Cuenta en Instagram, Cuenta en Facebook, Cuenta en X, Cuenta en Youtube, Periodismo cara a cara, Portal web de noticias","Organización sin fines de lucro (asociación civil, fundación, ONG)","Arte y cultura local, Economía y desarrollo local, Gobierno y política local, Sucesos, seguridad y convivencia ciudadana, Temas sociales locales (como salud, educación, transporte, servicios públicos)","Aportes monetarios de los fundadores y/o el equipo, Donaciones de la audiencia, membresías o suscripciones, Publicidad",No ha enfrentado este tipo de situaciones
Miranda,"Canal o grupo de mensajería en Telegram, Cuenta en Instagram, Cuenta en TikTok, Radio (AM o FM), Radio transmitida vía web",Privado,"Arte y cultura local, Deporte local, Economía y desarrollo local","Eventos, Publicidad",No ha enfrentado este tipo de situaciones
Miranda,"Canal o grupo de mensajería en Whatsapp, Cuenta en Instagram, Cuenta en Facebook, Cuenta en TikTok, Cuenta en X, Cuenta en Youtube, Portal web de noticias",Privado,"Arte y cultura local, Deporte local, Economía y desarrollo local, Gobierno y política local, Medio ambiente y sostenibilidad, Sucesos, seguridad y convivencia ciudadana","Aportes monetarios de los fundadores y/o el equipo, Contenidos puntuales patrocinados, Publicidad","Restricciones o impedimentos externos para cubrir ciertos temas (censura directa), Decisiones de no cubrir ciertos contenidos por precaución (autocensura), Presiones indirectas que influyen en la cobertura (por ejemplo, económicas, políticas o de seguridad)"
Miranda,"Canal o grupo de mensajería en Whatsapp, Canal o grupo de mensajería en Telegram, Cuenta en Instagram, Cuenta en Facebook, Cuenta en TikTok, Cuenta en X, Cuenta en Youtube, Periodismo cara a cara, Podcast, Portal web de noticias","Organización sin fines de lucro (asociación civil, fundación, ONG)","Arte y cultura local, Deporte local, Economía y desarrollo local, Gobierno y política local, Investigación y vigilancia al poder, Medio ambiente y sostenibilidad, Sucesos, seguridad y convivencia ciudadana, Temas sociales locales (como salud, educación, transporte, servicios públicos)","Aportes monetarios de los fundadores y/o el equipo, Eventos, Publicidad","Restricciones o impedimentos externos para cubrir ciertos temas (censura directa), Decisiones de no cubrir ciertos contenidos por precaución (autocensura), Presiones indirectas que influyen en la cobertura (por ejemplo, económicas, políticas o de seguridad)"
Miranda,"Cuenta en Instagram, Cuenta en Facebook, Cuenta en X, Periódico (impreso), Portal web de noticias",Privado,"Arte y cultura local, Deporte local, Economía y desarrollo local, Gobierno y política local, Sucesos, seguridad y convivencia ciudadana, Temas sociales locales (como salud, educación, transporte, servicios públicos)","Aportes monetarios de los fundadores y/o el equipo, Publicidad, Venta de productos y servicios","Restricciones o impedimentos externos para cubrir ciertos temas (censura directa), Decisiones de no cubrir ciertos contenidos por precaución (autocensura), Presiones indirectas que influyen en la cobertura (por ejemplo, económicas, políticas o de seguridad)"
Miranda,"Cuenta en Instagram, Cuenta en Facebook, Cuenta en X, Periódico (impreso), Portal web de noticias",Privado,"Arte y cultura local, Deporte local, Economía y desarrollo local, Gobierno y política local, Sucesos, seguridad y convivencia ciudadana, Temas sociales locales (como salud, educación, transporte, servicios públicos)","Aportes monetarios de los fundadores y/o el equipo, Publicidad, Venta de productos y servicios","Restricciones o impedimentos externos para cubrir ciertos temas (censura directa), Decisiones de no cubrir ciertos contenidos por precaución (autocensura), Presiones indirectas que influyen en la cobertura (por ejemplo, económicas, políticas o de seguridad)"
Miranda,"Canal o grupo de mensajería en Whatsapp, Cuenta en Instagram, Portal web de noticias, ",Comunitario,"Arte y cultura local, Deporte local, Economía y desarrollo local, Gobierno y política local, Investigación y vigilancia al poder, Sucesos, seguridad y convivencia ciudadana, Temas sociales locales (como salud, educación, transporte, servicios públicos)",Publicidad,No ha enfrentado este tipo de situaciones
Miranda,"Canal o grupo de mensajería en Whatsapp, Cuenta en Instagram",Proyecto u organización sin figura jurídica,"Economía y desarrollo local, Gobierno y política local, Sucesos, seguridad y convivencia ciudadana, Temas sociales locales (como salud, educación, transporte, servicios públicos)","Contenidos puntuales patrocinados, Publicidad","Presiones indirectas que influyen en la cobertura (por ejemplo, económicas, políticas o de seguridad)"
Miranda,"Cuenta en Instagram, Radio (AM o FM), Radio transmitida vía web",Privado,"Arte y cultura local, Deporte local, Economía y desarrollo local, Gobierno y política local, Medio ambiente y sostenibilidad, Sucesos, seguridad y convivencia ciudadana, Temas sociales locales (como salud, educación, transporte, servicios públicos)","Contenidos puntuales patrocinados, Publicidad",No ha enfrentado este tipo de situaciones
Miranda,"Canal o grupo de mensajería en Whatsapp, Cuenta en Instagram, Cuenta en Facebook, Cuenta en TikTok",Comunitario,"Deporte local, Investigación y vigilancia al poder, Sucesos, seguridad y convivencia ciudadana, Temas sociales locales (como salud, educación, transporte, servicios públicos)",Aportes monetarios de los fundadores y/o el equipo,No ha enfrentado este tipo de situaciones
Miranda,Cuenta en Instagram,Privado,"Deporte local, Sucesos, seguridad y convivencia ciudadana, Temas sociales locales (como salud, educación, transporte, servicios públicos)",Publicidad,Decisiones de no cubrir ciertos contenidos por precaución (autocensura)
Miranda,Cuenta en Instagram,Comunitario,"Arte y cultura local, Deporte local, Sucesos, seguridad y convivencia ciudadana, Temas sociales locales (como salud, educación, transporte, servicios públicos)",Publicidad,Decisiones de no cubrir ciertos contenidos por precaución (autocensura)
Miranda,"Canal o grupo de mensajería en Whatsapp, Canal o grupo de mensajería en Telegram, Cuenta en Instagram, Cuenta en Facebook, Cuenta en TikTok, Cuenta en X, Cuenta en Youtube, Portal web de noticias",Privado,"Arte y cultura local, Deporte local, Economía y desarrollo local, Gobierno y política local, Investigación y vigilancia al poder, Medio ambiente y sostenibilidad, Sucesos, seguridad y convivencia ciudadana, Temas sociales locales (como salud, educación, transporte, servicios públicos)","Publicidad, Venta de productos y servicios","Restricciones o impedimentos externos para cubrir ciertos temas (censura directa), Decisiones de no cubrir ciertos contenidos por precaución (autocensura), Presiones indirectas que influyen en la cobertura (por ejemplo, económicas, políticas o de seguridad)"
Miranda,"Canal o grupo de mensajería en Whatsapp, Canal o grupo de mensajería en Telegram, Cuenta en Instagram, Cuenta en Facebook, Cuenta en TikTok, Cuenta en X, Cuenta en Youtube, Portal web de noticias, Radio (AM o FM), Radio transmitida vía web",Privado,"Arte y cultura local, Deporte local, Economía y desarrollo local, Gobierno y política local, Investigación y vigilancia al poder, Medio ambiente y sostenibilidad, Sucesos, seguridad y convivencia ciudadana, Temas sociales locales (como salud, educación, transporte, servicios públicos)","Publicidad, Venta de productos y servicios",No ha enfrentado este tipo de situaciones
Miranda,"Canal o grupo de mensajería en Whatsapp, Cuenta en Instagram, Cuenta en Facebook",Comunitario,"Arte y cultura local, Deporte local, Economía y desarrollo local, Gobierno y política local, Sucesos, seguridad y convivencia ciudadana, Temas sociales locales (como salud, educación, transporte, servicios públicos)",Aportes monetarios de los fundadores y/o el equipo,No ha enfrentado este tipo de situaciones
Miranda,Radio (AM o FM),"Organización sin fines de lucro (asociación civil, fundación, ONG)","Arte y cultura local, Deporte local, Economía y desarrollo local, Medio ambiente y sostenibilidad, Sucesos, seguridad y convivencia ciudadana, Temas sociales locales (como salud, educación, transporte, servicios públicos), Todo menos política","Donaciones de la audiencia, membresías o suscripciones, Iglesia cristiana",No ha enfrentado este tipo de situaciones
Miranda,"Canal o grupo de mensajería en Whatsapp, Cuenta en TikTok, Cuenta en X, Radio (AM o FM), Radio transmitida vía web",Proyecto u organización sin figura jurídica,"Arte y cultura local, Deporte local, Economía y desarrollo local, Medio ambiente y sostenibilidad, Sucesos, seguridad y convivencia ciudadana, Temas sociales locales (como salud, educación, transporte, servicios públicos)",Publicidad,No ha enfrentado este tipo de situaciones
Miranda,"Canal o grupo de mensajería en Telegram, Cuenta en Facebook, Cuenta en TikTok, Cuenta en Youtube, Podcast, Radio (AM o FM), Radio transmitida vía web","Organización sin fines de lucro (asociación civil, fundación, ONG)","Temas sociales locales (como salud, educación, transporte, servicios públicos), Historia de nuestro municipio",Aportes monetarios de los fundadores y/o el equipo,Decisiones de no cubrir ciertos contenidos por precaución (autocensura)
Miranda,"Canal o grupo de mensajería en Whatsapp, Canal o grupo de mensajería en Telegram, Cuenta en Instagram, Cuenta en Facebook, Cuenta en TikTok, Cuenta en X, Portal web de noticias",Privado,"Arte y cultura local, Deporte local, Economía y desarrollo local, Gobierno y política local, Medio ambiente y sostenibilidad, Sucesos, seguridad y convivencia ciudadana, Temas sociales locales (como salud, educación, transporte, servicios públicos)",Aportes monetarios de los fundadores y/o el equipo,Decisiones de no cubrir ciertos contenidos por precaución (autocensura)
Miranda,"Portal web de noticias, Radio (AM o FM)",Privado,"Arte y cultura local, Economía y desarrollo local, Gobierno y política local, Temas sociales locales (como salud, educación, transporte, servicios públicos), Internacionales",Contenidos puntuales patrocinados,Decisiones de no cubrir ciertos contenidos por precaución (autocensura)
Miranda,"Canal o grupo de mensajería en Whatsapp, Canal o grupo de mensajería en Telegram, Cuenta en Instagram, Cuenta en TikTok, Podcast, TV (señal abierta o cable), TV transmitida vía web",Privado,"Arte y cultura local, Deporte local, Economía y desarrollo local, Gobierno y política local, Medio ambiente y sostenibilidad, Sucesos, seguridad y convivencia ciudadana, Temas sociales locales (como salud, educación, transporte, servicios públicos)","Contenidos puntuales patrocinados, Publicidad",Decisiones de no cubrir ciertos contenidos por precaución (autocensura)
Miranda,"Cuenta en Instagram, Cuenta en Facebook, Cuenta en TikTok, Cuenta en X, Cuenta en Youtube, Portal web de noticias",Privado,"Arte y cultura local, Economía y desarrollo local, Medio ambiente y sostenibilidad, Sucesos, seguridad y convivencia ciudadana, Temas sociales locales (como salud, educación, transporte, servicios públicos)","Aportes monetarios de los fundadores y/o el equipo, Contenidos puntuales patrocinados, Publicidad",Decisiones de no cubrir ciertos contenidos por precaución (autocensura)
Miranda,Cuenta en Instagram,No se maneja esta información,"Deporte local, Economía y desarrollo local, Gobierno y política local, Sucesos, seguridad y convivencia ciudadana, Temas sociales locales (como salud, educación, transporte, servicios públicos)",No se maneja esta información,No se maneja esta información
Miranda,Radio (AM o FM),Privado,"Arte y cultura local, Deporte local, Sucesos, seguridad y convivencia ciudadana",No se maneja esta información,No se maneja esta información
Miranda,Radio (AM o FM),No se maneja esta información,"Arte y cultura local, Deporte local, Temas sociales locales (como salud, educación, transporte, servicios públicos)",No se maneja esta información,No se maneja esta información
Miranda,Radio (AM o FM),No se maneja esta información,"Arte y cultura local, Deporte local, Sucesos, seguridad y convivencia ciudadana, Temas sociales locales (como salud, educación, transporte, servicios públicos)",No se maneja esta información,No se maneja esta información
Miranda,TV (señal abierta o cable),No se maneja esta información,"Arte y cultura local, Deporte local, Economía y desarrollo local, Gobierno y política local, Sucesos, seguridad y convivencia ciudadana, Temas sociales locales (como salud, educación, transporte, servicios públicos)",No se maneja esta información,No se maneja esta información
Miranda,"Cuenta en Instagram, Portal web de noticias",Privado,"Arte y cultura local, Deporte local, Economía y desarrollo local, Gobierno y política local, Sucesos, seguridad y convivencia ciudadana, Temas sociales locales (como salud, educación, transporte, servicios públicos), Tecnología",No se maneja esta información,No se maneja esta información
Miranda,Cuenta en Instagram,Proyecto u organización sin figura jurídica,"Deporte local, Sucesos, seguridad y convivencia ciudadana, Temas sociales locales (como salud, educación, transporte, servicios públicos)",No se maneja esta información,No se maneja esta información
Miranda,Portal web de noticias,Privado,"Arte y cultura local, Deporte local, Economía y desarrollo local, Gobierno y política local, Sucesos, seguridad y convivencia ciudadana, Temas sociales locales (como salud, educación, transporte, servicios públicos)",No se maneja esta información,No se maneja esta información
Miranda,Cuenta en Instagram,Proyecto u organización sin figura jurídica,"Deporte local, Economía y desarrollo local, Sucesos, seguridad y convivencia ciudadana, Temas sociales locales (como salud, educación, transporte, servicios públicos)",No se maneja esta información,No se maneja esta información
Miranda,"Canal o grupo de mensajería en Telegram, Cuenta en Instagram",Proyecto u organización sin figura jurídica,"Sucesos, seguridad y convivencia ciudadana",No se maneja esta información,No se maneja esta información
Miranda,Cuenta en Instagram,Proyecto u organización sin figura jurídica,"Gobierno y política local, Sucesos, seguridad y convivencia ciudadana",No se maneja esta información,No se maneja esta información
Miranda,"Cuenta en Instagram, Radio (AM o FM)",Privado,"Arte y cultura local, Deporte local, Gobierno y política local, Sucesos, seguridad y convivencia ciudadana, Temas sociales locales (como salud, educación, transporte, servicios públicos)",No se maneja esta información,No se maneja esta información
Miranda,"Canal o grupo de mensajería en Whatsapp, Cuenta en Instagram, Cuenta en Facebook, Cuenta en X, Cuenta en Youtube, Portal web de noticias, Acciones off line cómo exposiciones en espacios públicos y tertulias y actividades de diálogos con las comunidades ","Organización sin fines de lucro (asociación civil, fundación, ONG)","Arte y cultura local, Economía y desarrollo local, Investigación y vigilancia al poder, Medio ambiente y sostenibilidad, Sucesos, seguridad y convivencia ciudadana, Temas sociales locales (como salud, educación, transporte, servicios públicos), Derechos de las niñas, adolescentes y mujeres, derechos humanos, migración, salud mental, organización ciudadana e innovación social ","Aportes monetarios de los fundadores y/o el equipo, Eventos, Subvenciones o financiamiento internacional, Talleres / Capacitaciones, Venta de productos y servicios","Decisiones de no cubrir ciertos contenidos por precaución (autocensura), Presiones indirectas que influyen en la cobertura (por ejemplo, económicas, políticas o de seguridad)"
Miranda,"Canal o grupo de mensajería en Whatsapp, Canal o grupo de mensajería en Telegram, Cuenta en Instagram, Cuenta en Facebook, Cuenta en TikTok, Cuenta en X, Cuenta en Youtube, Periódico (impreso), Portal web de noticias",Privado,"Arte y cultura local, Temas sociales locales (como salud, educación, transporte, servicios públicos)","Aportes monetarios de los fundadores y/o el equipo, Contenidos puntuales patrocinados, Subvenciones o financiamiento internacional","Restricciones o impedimentos externos para cubrir ciertos temas (censura directa), Decisiones de no cubrir ciertos contenidos por precaución (autocensura), Presiones indirectas que influyen en la cobertura (por ejemplo, económicas, políticas o de seguridad)"
Miranda,"Canal o grupo de mensajería en Whatsapp, Canal o grupo de mensajería en Telegram, Cuenta en Instagram, Cuenta en Facebook, Cuenta en TikTok, Cuenta en X, Cuenta en Youtube, Portal web de noticias",Privado,"Arte y cultura local, Deporte local, Economía y desarrollo local, Gobierno y política local, Investigación y vigilancia al poder, Medio ambiente y sostenibilidad, Sucesos, seguridad y convivencia ciudadana, Temas sociales locales (como salud, educación, transporte, servicios públicos)","Aportes monetarios de los fundadores y/o el equipo, Contenidos puntuales patrocinados, Publicidad","Restricciones o impedimentos externos para cubrir ciertos temas (censura directa), Decisiones de no cubrir ciertos contenidos por precaución (autocensura)"
Miranda,"Canal o grupo de mensajería en Whatsapp, Canal o grupo de mensajería en Telegram, Cuenta en Instagram, Cuenta en Facebook, Cuenta en TikTok, Cuenta en X, Cuenta en Youtube, Portal web de noticias, newsletter ","Organización sin fines de lucro (asociación civil, fundación, ONG)","Arte y cultura local, Gobierno y política local, Investigación y vigilancia al poder, Sucesos, seguridad y convivencia ciudadana, Temas sociales locales (como salud, educación, transporte, servicios públicos)","Contenidos puntuales patrocinados, Subvenciones o financiamiento internacional",Restricciones o impedimentos externos para cubrir ciertos temas (censura directa)
Miranda,"Canal o grupo de mensajería en Whatsapp, Canal o grupo de mensajería en Telegram, Cuenta en Instagram, Cuenta en Facebook, Cuenta en X, Cuenta en Youtube, Portal web de noticias",Privado,"Arte y cultura local, Deporte local, Economía y desarrollo local, Gobierno y política local, Investigación y vigilancia al poder, Medio ambiente y sostenibilidad, Sucesos, seguridad y convivencia ciudadana, Temas sociales locales (como salud, educación, transporte, servicios públicos)","Contenidos puntuales patrocinados, Donaciones de la audiencia, membresías o suscripciones, Donaciones de empresas, Publicidad, Venta de productos y servicios","Restricciones o impedimentos externos para cubrir ciertos temas (censura directa), Decisiones de no cubrir ciertos contenidos por precaución (autocensura), Presiones indirectas que influyen en la cobertura (por ejemplo, económicas, políticas o de seguridad)"
Miranda,"Canal o grupo de mensajería en Whatsapp, Cuenta en Instagram, Cuenta en TikTok, Cuenta en X, Podcast, Portal web de noticias","Organización sin fines de lucro (asociación civil, fundación, ONG)","Economía y desarrollo local, Gobierno y política local, Sucesos, seguridad y convivencia ciudadana, Temas sociales locales (como salud, educación, transporte, servicios públicos)","Aportes monetarios de los fundadores y/o el equipo, Subvenciones o financiamiento internacional","Decisiones de no cubrir ciertos contenidos por precaución (autocensura), Presiones indirectas que influyen en la cobertura (por ejemplo, económicas, políticas o de seguridad)"
Miranda,"Canal o grupo de mensajería en Telegram, Cuenta en Instagram, Cuenta en Facebook, Cuenta en TikTok, Cuenta en X, Periódico (impreso), Periodismo cara a cara, Portal web de noticias, TV transmitida vía web",Privado,"Economía y desarrollo local, Gobierno y política local, Investigación y vigilancia al poder, Medio ambiente y sostenibilidad, Sucesos, seguridad y convivencia ciudadana, Temas sociales locales (como salud, educación, transporte, servicios públicos)","Donaciones de la audiencia, membresías o suscripciones","Restricciones o impedimentos externos para cubrir ciertos temas (censura directa), Decisiones de no cubrir ciertos contenidos por precaución (autocensura), Presiones indirectas que influyen en la cobertura (por ejemplo, económicas, políticas o de seguridad)"
Miranda,"Canal o grupo de mensajería en Whatsapp, Canal o grupo de mensajería en Telegram, Cuenta en Instagram, Cuenta en TikTok, Cuenta en X, Cuenta en Youtube, Periodismo cara a cara, Podcast, Portal web de noticias, Radio (AM o FM), Radio transmitida vía web","Organización sin fines de lucro (asociación civil, fundación, ONG)","Arte y cultura local, Deporte local, Economía y desarrollo local, Gobierno y política local, Investigación y vigilancia al poder, Medio ambiente y sostenibilidad, Sucesos, seguridad y convivencia ciudadana, Temas sociales locales (como salud, educación, transporte, servicios públicos), Red indígena",No sabe / Prefiere no responder,Prefiere no responder
Miranda,"Canal o grupo de mensajería en Whatsapp, Canal o grupo de mensajería en Telegram, Cuenta en Instagram, Cuenta en Facebook, Cuenta en X, Portal web de noticias",Proyecto u organización sin figura jurídica,"Economía y desarrollo local, Gobierno y política local, Medio ambiente y sostenibilidad, Temas sociales locales (como salud, educación, transporte, servicios públicos)",Subvenciones o financiamiento internacional,"Decisiones de no cubrir ciertos contenidos por precaución (autocensura), Presiones indirectas que influyen en la cobertura (por ejemplo, económicas, políticas o de seguridad)"
Miranda,"Cuenta en Instagram, Cuenta en TikTok, Cuenta en X, Cuenta en Youtube, Portal web de noticias, Radio (AM o FM), Radio transmitida vía web",Privado,"Arte y cultura local, Deporte local, Economía y desarrollo local, Gobierno y política local, Sucesos, seguridad y convivencia ciudadana, Temas sociales locales (como salud, educación, transporte, servicios públicos)","Aportes monetarios de los fundadores y/o el equipo, Contenidos puntuales patrocinados, Publicidad","Restricciones o impedimentos externos para cubrir ciertos temas (censura directa), Decisiones de no cubrir ciertos contenidos por precaución (autocensura), Presiones indirectas que influyen en la cobertura (por ejemplo, económicas, políticas o de seguridad)"
Miranda,"Canal o grupo de mensajería en Whatsapp, Cuenta en Instagram, Cuenta en Facebook, Cuenta en TikTok, Cuenta en X","Organización sin fines de lucro (asociación civil, fundación, ONG)","Economía y desarrollo local, Gobierno y política local, Investigación y vigilancia al poder, Medio ambiente y sostenibilidad, Sucesos, seguridad y convivencia ciudadana, Temas sociales locales (como salud, educación, transporte, servicios públicos), derechos humanos con énfasis en presos políticos","Campañas de financiamiento colectivo (crowdfunding), Subvenciones o financiamiento internacional, Talleres / Capacitaciones",Decisiones de no cubrir ciertos contenidos por precaución (autocensura)
Miranda,"Canal o grupo de mensajería en Whatsapp, Canal o grupo de mensajería en Telegram, Cuenta en Instagram, Cuenta en Facebook, Cuenta en TikTok, Cuenta en X, Cuenta en Youtube, Periodismo cara a cara, Portal web de noticias","Organización sin fines de lucro (asociación civil, fundación, ONG)","Economía y desarrollo local, Gobierno y política local, Sucesos, seguridad y convivencia ciudadana, Temas sociales locales (como salud, educación, transporte, servicios públicos)","Subvenciones o financiamiento internacional, Publicidad",Prefiere no responder
Monagas,"Canal o grupo de mensajería en Whatsapp, Canal o grupo de mensajería en Telegram, Cuenta en Instagram, Cuenta en Facebook, Cuenta en TikTok, Cuenta en X, Cuenta en Youtube, Periodismo cara a cara, Portal web de noticias","Organización sin fines de lucro (asociación civil, fundación, ONG)","Gobierno y política local, Investigación y vigilancia al poder, Sucesos, seguridad y convivencia ciudadana, Temas sociales locales (como salud, educación, transporte, servicios públicos)","Subvenciones o financiamiento internacional, Publicidad","Presiones indirectas que influyen en la cobertura (por ejemplo, económicas, políticas o de seguridad)"
Monagas,"Canal o grupo de mensajería en Whatsapp, Cuenta en Instagram, Cuenta en Facebook, Cuenta en TikTok, Cuenta en X, Cuenta en Youtube, Portal web de noticias",Privado,"Deporte local, Economía y desarrollo local, Gobierno y política local, Medio ambiente y sostenibilidad, Sucesos, seguridad y convivencia ciudadana, Temas sociales locales (como salud, educación, transporte, servicios públicos)",Publicidad,Restricciones o impedimentos externos para cubrir ciertos temas (censura directa)
Monagas,"Canal o grupo de mensajería en Whatsapp, Canal o grupo de mensajería en Telegram, Cuenta en Instagram, Cuenta en Facebook, Cuenta en TikTok, Cuenta en X, Cuenta en Youtube",Privado,"Economía y desarrollo local, Investigación y vigilancia al poder, Medio ambiente y sostenibilidad, Temas sociales locales (como salud, educación, transporte, servicios públicos), Denuncias acerca de presos políticos. ","Subvenciones o financiamiento internacional, Publicidad","Presiones indirectas que influyen en la cobertura (por ejemplo, económicas, políticas o de seguridad)"
Monagas,"Canal o grupo de mensajería en Whatsapp, Canal o grupo de mensajería en Telegram, Cuenta en Instagram, Cuenta en Facebook, Cuenta en TikTok, Cuenta en X, Cuenta en Youtube, TV (señal abierta o cable)",Privado,"Economía y desarrollo local, Gobierno y política local, Medio ambiente y sostenibilidad, Sucesos, seguridad y convivencia ciudadana, Temas sociales locales (como salud, educación, transporte, servicios públicos)","Contenidos puntuales patrocinados, Publicidad",Prefiere no responder
Monagas,"Canal o grupo de mensajería en Whatsapp, Cuenta en Instagram, Cuenta en Facebook, Cuenta en TikTok, Cuenta en X, Periódico (impreso), Portal web de noticias",Privado,"Economía y desarrollo local, Gobierno y política local, Sucesos, seguridad y convivencia ciudadana, Temas sociales locales (como salud, educación, transporte, servicios públicos)",Aportes monetarios de los fundadores y/o el equipo,"Restricciones o impedimentos externos para cubrir ciertos temas (censura directa), Decisiones de no cubrir ciertos contenidos por precaución (autocensura)"
Monagas,"Canal o grupo de mensajería en Whatsapp, Cuenta en Instagram, Cuenta en TikTok, Portal web de noticias",Privado,"Arte y cultura local, Deporte local, Economía y desarrollo local, Gobierno y política local, Sucesos, seguridad y convivencia ciudadana, Temas sociales locales (como salud, educación, transporte, servicios públicos)","Publicidad, Talleres / Capacitaciones",No ha enfrentado este tipo de situaciones
Monagas,"Canal o grupo de mensajería en Telegram, Cuenta en Instagram, Cuenta en Facebook, Cuenta en TikTok, Cuenta en X, Cuenta en Youtube, Portal web de noticias, TV (señal abierta o cable)",Privado,"Economía y desarrollo local, Gobierno y política local, Sucesos, seguridad y convivencia ciudadana, Temas sociales locales (como salud, educación, transporte, servicios públicos)","Contenidos puntuales patrocinados, Publicidad",Restricciones o impedimentos externos para cubrir ciertos temas (censura directa)
Monagas,"Canal o grupo de mensajería en Whatsapp, Cuenta en Instagram, Cuenta en Facebook, Cuenta en TikTok, Cuenta en X, Cuenta en Youtube, Portal web de noticias, TV (señal abierta o cable), TV transmitida vía web",Privado,"Arte y cultura local, Gobierno y política local, Temas sociales locales (como salud, educación, transporte, servicios públicos)","Contenidos puntuales patrocinados, Publicidad",Prefiere no responder
Monagas,"Canal o grupo de mensajería en Whatsapp, Canal o grupo de mensajería en Telegram, Cuenta en Instagram, Cuenta en Facebook, Cuenta en X, Portal web de noticias, Radio (AM o FM), Radio transmitida vía web, TV (señal abierta o cable), TV transmitida vía web",Privado,"Arte y cultura local, Deporte local, Economía y desarrollo local, Gobierno y política local, Sucesos, seguridad y convivencia ciudadana, Temas sociales locales (como salud, educación, transporte, servicios públicos)","Aportes monetarios de los fundadores y/o el equipo, Contenidos puntuales patrocinados, Publicidad",Decisiones de no cubrir ciertos contenidos por precaución (autocensura)
Monagas,"Cuenta en Instagram, Cuenta en Facebook, Cuenta en TikTok, Portal web de noticias, Radio transmitida vía web",Privado,"Arte y cultura local, Deporte local, Economía y desarrollo local, Sucesos, seguridad y convivencia ciudadana, Temas sociales locales (como salud, educación, transporte, servicios públicos)","Aportes monetarios de los fundadores y/o el equipo, Contenidos puntuales patrocinados, Donaciones de empresas","Restricciones o impedimentos externos para cubrir ciertos temas (censura directa), Decisiones de no cubrir ciertos contenidos por precaución (autocensura), Presiones indirectas que influyen en la cobertura (por ejemplo, económicas, políticas o de seguridad)"
Monagas,"Canal o grupo de mensajería en Whatsapp, Radio (AM o FM), Radio transmitida vía web",Privado,"Arte y cultura local, Deporte local, Temas sociales locales (como salud, educación, transporte, servicios públicos)",Contenidos puntuales patrocinados,Decisiones de no cubrir ciertos contenidos por precaución (autocensura)
Monagas,"Cuenta en Instagram, Cuenta en Facebook, Cuenta en TikTok, Radio (AM o FM), Radio transmitida vía web",Privado,"Arte y cultura local, Deporte local, Economía y desarrollo local, Gobierno y política local, Sucesos, seguridad y convivencia ciudadana, Temas sociales locales (como salud, educación, transporte, servicios públicos)",Publicidad,No ha enfrentado este tipo de situaciones
Monagas,"Cuenta en Instagram, Cuenta en TikTok, Podcast, Portal web de noticias",Privado,"Arte y cultura local, Deporte local, Economía y desarrollo local, Gobierno y política local, Medio ambiente y sostenibilidad, Sucesos, seguridad y convivencia ciudadana, Temas sociales locales (como salud, educación, transporte, servicios públicos)","Contenidos puntuales patrocinados, Publicidad, Venta de productos y servicios","Presiones indirectas que influyen en la cobertura (por ejemplo, económicas, políticas o de seguridad)"
Monagas,"Canal o grupo de mensajería en Telegram, Cuenta en Instagram, Cuenta en Facebook, Cuenta en TikTok, Cuenta en X, Periódico (impreso), Portal web de noticias",Privado,"Arte y cultura local, Deporte local, Economía y desarrollo local, Gobierno y política local, Sucesos, seguridad y convivencia ciudadana, Temas sociales locales (como salud, educación, transporte, servicios públicos)","Publicidad, Venta de productos y servicios",No se maneja esta información
Monagas,"Cuenta en Instagram, Cuenta en Facebook, Portal web de noticias",Privado,"Arte y cultura local, Deporte local, Economía y desarrollo local, Gobierno y política local, Sucesos, seguridad y convivencia ciudadana, Temas sociales locales (como salud, educación, transporte, servicios públicos)",Publicidad,No se maneja esta información
Monagas,"Canal o grupo de mensajería en Telegram, Cuenta en Instagram, Cuenta en Facebook, Cuenta en TikTok, Cuenta en X, Cuenta en Youtube, Periódico (impreso), Portal web de noticias",Privado,"Arte y cultura local, Deporte local, Economía y desarrollo local, Gobierno y política local, Sucesos, seguridad y convivencia ciudadana, Temas sociales locales (como salud, educación, transporte, servicios públicos)",Publicidad,No se maneja esta información
Nueva Esparta,"Canal o grupo de mensajería en Whatsapp, Canal o grupo de mensajería en Telegram, Cuenta en Instagram, Cuenta en Facebook, Cuenta en X, Portal web de noticias, ",Privado,"Arte y cultura local, Deporte local, Gobierno y política local, Sucesos, seguridad y convivencia ciudadana, Temas sociales locales (como salud, educación, transporte, servicios públicos)","Aportes monetarios de los fundadores y/o el equipo, Publicidad","Decisiones de no cubrir ciertos contenidos por precaución (autocensura), Presiones indirectas que influyen en la cobertura (por ejemplo, económicas, políticas o de seguridad)"
Nueva Esparta,"Cuenta en Instagram, Cuenta en Facebook, Cuenta en TikTok, Cuenta en X",Proyecto u organización sin figura jurídica,"Gobierno y política local, Sucesos, seguridad y convivencia ciudadana, Temas sociales locales (como salud, educación, transporte, servicios públicos)","Contenidos puntuales patrocinados, Publicidad","Restricciones o impedimentos externos para cubrir ciertos temas (censura directa), Decisiones de no cubrir ciertos contenidos por precaución (autocensura), Presiones indirectas que influyen en la cobertura (por ejemplo, económicas, políticas o de seguridad)"
Nueva Esparta,"Cuenta en Instagram, Cuenta en Facebook, Cuenta en TikTok, Cuenta en X, Portal web de noticias",Privado,"Arte y cultura local, Deporte local, Economía y desarrollo local, Gobierno y política local, Medio ambiente y sostenibilidad, Sucesos, seguridad y convivencia ciudadana",Publicidad,Decisiones de no cubrir ciertos contenidos por precaución (autocensura)
Nueva Esparta,"Cuenta en Instagram, Cuenta en Facebook, Cuenta en TikTok, Cuenta en Youtube, Periodismo cara a cara",Proyecto u organización sin figura jurídica,"Deporte local, Gobierno y política local, Medio ambiente y sostenibilidad, Sucesos, seguridad y convivencia ciudadana, Temas sociales locales (como salud, educación, transporte, servicios públicos)",Publicidad,"Restricciones o impedimentos externos para cubrir ciertos temas (censura directa), Decisiones de no cubrir ciertos contenidos por precaución (autocensura)"
Nueva Esparta,"Canal o grupo de mensajería en Whatsapp, Cuenta en Instagram, Cuenta en TikTok",Proyecto u organización sin figura jurídica,"Arte y cultura local, Deporte local, Economía y desarrollo local, Gobierno y política local, Medio ambiente y sostenibilidad, Sucesos, seguridad y convivencia ciudadana, Temas sociales locales (como salud, educación, transporte, servicios públicos)","Contenidos puntuales patrocinados, Publicidad","Restricciones o impedimentos externos para cubrir ciertos temas (censura directa), Decisiones de no cubrir ciertos contenidos por precaución (autocensura), Presiones indirectas que influyen en la cobertura (por ejemplo, económicas, políticas o de seguridad)"
Nueva Esparta,"Canal o grupo de mensajería en Whatsapp, Canal o grupo de mensajería en Telegram, Cuenta en Instagram, Cuenta en Facebook, Cuenta en TikTok, Cuenta en X, Portal web de noticias",Proyecto u organización sin figura jurídica,"Gobierno y política local, Temas sociales locales (como salud, educación, transporte, servicios públicos)",Publicidad,No ha enfrentado este tipo de situaciones
Nueva Esparta,"Cuenta en Instagram, Cuenta en Facebook, Cuenta en TikTok, Cuenta en X",Proyecto u organización sin figura jurídica,Las tratamos de cubrir con regularidad ,Publicidad,"Restricciones o impedimentos externos para cubrir ciertos temas (censura directa), Decisiones de no cubrir ciertos contenidos por precaución (autocensura), Presiones indirectas que influyen en la cobertura (por ejemplo, económicas, políticas o de seguridad)"
Nueva Esparta,"Canal o grupo de mensajería en Whatsapp, Cuenta en Instagram, Cuenta en Facebook, Cuenta en TikTok, Cuenta en X, Cuenta en Youtube",Privado,"Arte y cultura local, Deporte local, Economía y desarrollo local, Gobierno y política local, Medio ambiente y sostenibilidad, Sucesos, seguridad y convivencia ciudadana, Temas sociales locales (como salud, educación, transporte, servicios públicos)","Aportes monetarios de los fundadores y/o el equipo, Publicidad",Decisiones de no cubrir ciertos contenidos por precaución (autocensura)
Nueva Esparta,"Cuenta en Instagram, Cuenta en Facebook, Cuenta en TikTok",Privado,"Arte y cultura local, Deporte local, Economía y desarrollo local, Gobierno y política local, Temas sociales locales (como salud, educación, transporte, servicios públicos)","Aportes monetarios de los fundadores y/o el equipo, Venta de productos y servicios",Decisiones de no cubrir ciertos contenidos por precaución (autocensura)
Nueva Esparta,"Cuenta en Instagram, TV (señal abierta o cable)",Privado,"Economía y desarrollo local, Gobierno y política local, Sucesos, seguridad y convivencia ciudadana, Temas sociales locales (como salud, educación, transporte, servicios públicos)",No sabe / Prefiere no responder,"Restricciones o impedimentos externos para cubrir ciertos temas (censura directa), Decisiones de no cubrir ciertos contenidos por precaución (autocensura)"
Nueva Esparta,Portal web de noticias,Privado,"Arte y cultura local, Economía y desarrollo local, Gobierno y política local, Medio ambiente y sostenibilidad, Temas sociales locales (como salud, educación, transporte, servicios públicos)",No sabe / Prefiere no responder,Decisiones de no cubrir ciertos contenidos por precaución (autocensura)
Nueva Esparta,"Canal o grupo de mensajería en Whatsapp, Cuenta en Instagram, Cuenta en TikTok, Radio (AM o FM)",Privado,"Arte y cultura local, Deporte local, Economía y desarrollo local, Gobierno y política local, Medio ambiente y sostenibilidad, Sucesos, seguridad y convivencia ciudadana, Temas sociales locales (como salud, educación, transporte, servicios públicos)",Publicidad,Decisiones de no cubrir ciertos contenidos por precaución (autocensura)
Nueva Esparta,"Cuenta en Instagram, Cuenta en Facebook, Cuenta en TikTok, Cuenta en X, TV (señal abierta o cable), Streaming ",Privado,"Arte y cultura local, Deporte local, Economía y desarrollo local, Gobierno y política local, Sucesos, seguridad y convivencia ciudadana, Temas sociales locales (como salud, educación, transporte, servicios públicos)","Aportes monetarios de los fundadores y/o el equipo, Publicidad","Decisiones de no cubrir ciertos contenidos por precaución (autocensura), Presiones indirectas que influyen en la cobertura (por ejemplo, económicas, políticas o de seguridad)"
Nueva Esparta,"Cuenta en Instagram, Cuenta en Facebook, Cuenta en Youtube, Portal web de noticias",Privado,"Arte y cultura local, Deporte local, Economía y desarrollo local, Gobierno y política local, Medio ambiente y sostenibilidad, Sucesos, seguridad y convivencia ciudadana, Temas sociales locales (como salud, educación, transporte, servicios públicos)","Aportes monetarios de los fundadores y/o el equipo, Contenidos puntuales patrocinados, Publicidad",Decisiones de no cubrir ciertos contenidos por precaución (autocensura)
Nueva Esparta,"Canal o grupo de mensajería en Whatsapp, Canal o grupo de mensajería en Telegram, Cuenta en Instagram, Cuenta en Facebook, Cuenta en X, Cuenta en Youtube, Portal web de noticias",Privado,"Economía y desarrollo local, Gobierno y política local, Investigación y vigilancia al poder, Medio ambiente y sostenibilidad, Sucesos, seguridad y convivencia ciudadana, Temas sociales locales (como salud, educación, transporte, servicios públicos)","Publicidad, Subvenciones o financiamiento internacional, Venta de productos y servicios",No ha enfrentado este tipo de situaciones
Nueva Esparta,"Canal o grupo de mensajería en Whatsapp, Canal o grupo de mensajería en Telegram, Cuenta en Instagram, Cuenta en TikTok, Podcast, TV (señal abierta o cable), TV transmitida vía web",Privado,"Arte y cultura local, Deporte local, Economía y desarrollo local, Gobierno y política local, Sucesos, seguridad y convivencia ciudadana, Temas sociales locales (como salud, educación, transporte, servicios públicos)","Contenidos puntuales patrocinados, Publicidad",Prefiere no responder
Nueva Esparta,"Canal o grupo de mensajería en Telegram, Cuenta en Instagram, Cuenta en Facebook, Cuenta en TikTok, Cuenta en X, Cuenta en Youtube, Periódico (impreso), Portal web de noticias",Privado,"Arte y cultura local, Deporte local, Economía y desarrollo local, Gobierno y política local, Medio ambiente y sostenibilidad, Sucesos, seguridad y convivencia ciudadana, Temas sociales locales (como salud, educación, transporte, servicios públicos)",Publicidad,No ha enfrentado este tipo de situaciones
Nueva Esparta,"Canal o grupo de mensajería en Telegram, Cuenta en Instagram, Cuenta en Facebook, Cuenta en TikTok, Cuenta en X, Cuenta en Youtube, Portal web de noticias, TV (señal abierta o cable)",Privado,"Arte y cultura local, Deporte local, Economía y desarrollo local, Gobierno y política local, Medio ambiente y sostenibilidad, Sucesos, seguridad y convivencia ciudadana, Temas sociales locales (como salud, educación, transporte, servicios públicos)","Contenidos puntuales patrocinados, Publicidad","Decisiones de no cubrir ciertos contenidos por precaución (autocensura), Presiones indirectas que influyen en la cobertura (por ejemplo, económicas, políticas o de seguridad)"
Nueva Esparta,"Canal o grupo de mensajería en Whatsapp, Cuenta en Instagram, Cuenta en Facebook, Cuenta en TikTok, Cuenta en X, Cuenta en Youtube, Portal web de noticias, TV (señal abierta o cable), TV transmitida vía web",Privado,"Economía y desarrollo local, Gobierno y política local, Medio ambiente y sostenibilidad, Sucesos, seguridad y convivencia ciudadana, Temas sociales locales (como salud, educación, transporte, servicios públicos)","Contenidos puntuales patrocinados, Publicidad",Decisiones de no cubrir ciertos contenidos por precaución (autocensura)
Nueva Esparta,"Canal o grupo de mensajería en Whatsapp, Canal o grupo de mensajería en Telegram, Cuenta en Instagram, Cuenta en Facebook, Cuenta en TikTok, Cuenta en X, Cuenta en Youtube, TV (señal abierta o cable)",Privado,"Economía y desarrollo local, Gobierno y política local, Sucesos, seguridad y convivencia ciudadana, Temas sociales locales (como salud, educación, transporte, servicios públicos)","Contenidos puntuales patrocinados, Publicidad","Decisiones de no cubrir ciertos contenidos por precaución (autocensura), Presiones indirectas que influyen en la cobertura (por ejemplo, económicas, políticas o de seguridad)"
Nueva Esparta,"Cuenta en Instagram, Portal web de noticias",Privado,"Arte y cultura local, Deporte local, Economía y desarrollo local, Gobierno y política local, Medio ambiente y sostenibilidad, Sucesos, seguridad y convivencia ciudadana, Temas sociales locales (como salud, educación, transporte, servicios públicos)",Publicidad,Decisiones de no cubrir ciertos contenidos por precaución (autocensura)
Portuguesa,Cuenta en Instagram,Proyecto u organización sin figura jurídica,"Arte y cultura local, Deporte local, Economía y desarrollo local, Gobierno y política local, Medio ambiente y sostenibilidad, Sucesos, seguridad y convivencia ciudadana, Temas sociales locales (como salud, educación, transporte, servicios públicos)",Contenidos puntuales patrocinados,Decisiones de no cubrir ciertos contenidos por precaución (autocensura)
Portuguesa,"Cuenta en Instagram, Cuenta en Facebook, Cuenta en TikTok, Cuenta en X, Cuenta en Youtube, Portal web de noticias, TV (señal abierta o cable), TV transmitida vía web","Organización sin fines de lucro (asociación civil, fundación, ONG)","Economía y desarrollo local, Temas sociales locales (como salud, educación, transporte, servicios públicos)","Donaciones de la audiencia, membresías o suscripciones","Presiones indirectas que influyen en la cobertura (por ejemplo, económicas, políticas o de seguridad)"
Portuguesa,"Cuenta en Instagram, Cuenta en Youtube, TV (señal abierta o cable)","Organización sin fines de lucro (asociación civil, fundación, ONG)","Gobierno y política local, Medio ambiente y sostenibilidad, Temas sociales locales (como salud, educación, transporte, servicios públicos)",Aportes monetarios de los fundadores y/o el equipo,Prefiere no responder
Portuguesa,"Canal o grupo de mensajería en Whatsapp, Cuenta en Instagram, Cuenta en Facebook, Cuenta en TikTok",Privado,"Arte y cultura local, Economía y desarrollo local, Temas sociales locales (como salud, educación, transporte, servicios públicos)",Publicidad,"Decisiones de no cubrir ciertos contenidos por precaución (autocensura), Presiones indirectas que influyen en la cobertura (por ejemplo, económicas, políticas o de seguridad)"
Portuguesa,"Cuenta en Instagram, Cuenta en Facebook, Cuenta en TikTok, Cuenta en Youtube, Portal web de noticias",Privado,"Economía y desarrollo local, Gobierno y política local, Sucesos, seguridad y convivencia ciudadana, Temas sociales locales (como salud, educación, transporte, servicios públicos)","Contenidos puntuales patrocinados, Publicidad",Decisiones de no cubrir ciertos contenidos por precaución (autocensura)
Portuguesa,"Canal o grupo de mensajería en Whatsapp, Canal o grupo de mensajería en Telegram, Cuenta en Instagram, Cuenta en Facebook, Cuenta en TikTok, Cuenta en X, Cuenta en Youtube, Portal web de noticias",Privado,"Arte y cultura local, Deporte local, Economía y desarrollo local, Gobierno y política local, Medio ambiente y sostenibilidad, Sucesos, seguridad y convivencia ciudadana, Temas sociales locales (como salud, educación, transporte, servicios públicos), Tecnología","Aportes monetarios de los fundadores y/o el equipo, Contenidos puntuales patrocinados, Donaciones de la audiencia, membresías o suscripciones, Publicidad, Venta de productos y servicios","Restricciones o impedimentos externos para cubrir ciertos temas (censura directa), Decisiones de no cubrir ciertos contenidos por precaución (autocensura), Presiones indirectas que influyen en la cobertura (por ejemplo, económicas, políticas o de seguridad)"
Portuguesa,"Canal o grupo de mensajería en Telegram, Cuenta en Instagram, Cuenta en Facebook, Cuenta en TikTok, Portal web de noticias, Radio (AM o FM)",Privado,"Deporte local, Gobierno y política local, Sucesos, seguridad y convivencia ciudadana, Temas sociales locales (como salud, educación, transporte, servicios públicos)",Publicidad,Restricciones o impedimentos externos para cubrir ciertos temas (censura directa)
Portuguesa,"Cuenta en Instagram, Radio (AM o FM)",Privado,"Gobierno y política local, Sucesos, seguridad y convivencia ciudadana, Temas sociales locales (como salud, educación, transporte, servicios públicos)",Publicidad,"Restricciones o impedimentos externos para cubrir ciertos temas (censura directa), Presiones indirectas que influyen en la cobertura (por ejemplo, económicas, políticas o de seguridad)"
Portuguesa,"Canal o grupo de mensajería en Whatsapp, Cuenta en Instagram, Cuenta en Facebook, Cuenta en TikTok, Cuenta en X, Cuenta en Youtube, Portal web de noticias, TV (señal abierta o cable), TV transmitida vía web",Privado,"Economía y desarrollo local, Gobierno y política local, Sucesos, seguridad y convivencia ciudadana, Temas sociales locales (como salud, educación, transporte, servicios públicos)","Contenidos puntuales patrocinados, Publicidad","Restricciones o impedimentos externos para cubrir ciertos temas (censura directa), Decisiones de no cubrir ciertos contenidos por precaución (autocensura), Presiones indirectas que influyen en la cobertura (por ejemplo, económicas, políticas o de seguridad)"
Portuguesa,"Canal o grupo de mensajería en Whatsapp, Canal o grupo de mensajería en Telegram, Cuenta en Instagram, Cuenta en Facebook, Cuenta en TikTok, Cuenta en X, Radio (AM o FM), Radio transmitida vía web",Privado,"Arte y cultura local, Deporte local, Economía y desarrollo local, Gobierno y política local, Temas sociales locales (como salud, educación, transporte, servicios públicos)",Publicidad,Restricciones o impedimentos externos para cubrir ciertos temas (censura directa)
Portuguesa,"Canal o grupo de mensajería en Whatsapp, Cuenta en Instagram, Cuenta en Facebook, Portal web de noticias",Privado,"Economía y desarrollo local, Gobierno y política local, Medio ambiente y sostenibilidad, Sucesos, seguridad y convivencia ciudadana",Venta de productos y servicios,"Decisiones de no cubrir ciertos contenidos por precaución (autocensura), Presiones indirectas que influyen en la cobertura (por ejemplo, económicas, políticas o de seguridad)"
Portuguesa,"Cuenta en Instagram, Cuenta en Facebook, Cuenta en Youtube, TV (señal abierta o cable)",Privado,"Arte y cultura local, Deporte local, Economía y desarrollo local, Gobierno y política local, Medio ambiente y sostenibilidad, Sucesos, seguridad y convivencia ciudadana, Temas sociales locales (como salud, educación, transporte, servicios públicos)","Aportes monetarios de los fundadores y/o el equipo, Publicidad",Decisiones de no cubrir ciertos contenidos por precaución (autocensura)
Portuguesa,"Canal o grupo de mensajería en Whatsapp, Canal o grupo de mensajería en Telegram, Cuenta en Instagram, Cuenta en TikTok, Portal web de noticias",Proyecto u organización sin figura jurídica,"Deporte local, Economía y desarrollo local, Gobierno y política local, Sucesos, seguridad y convivencia ciudadana, Temas sociales locales (como salud, educación, transporte, servicios públicos)","Contenidos puntuales patrocinados, Eventos, Publicidad",No ha enfrentado este tipo de situaciones
Portuguesa,"Canal o grupo de mensajería en Whatsapp, Canal o grupo de mensajería en Telegram, Cuenta en Instagram, Cuenta en Facebook, Cuenta en TikTok, Cuenta en X, Cuenta en Youtube, Periodismo cara a cara, Portal web de noticias","Organización sin fines de lucro (asociación civil, fundación, ONG)","Economía y desarrollo local, Investigación y vigilancia al poder, Sucesos, seguridad y convivencia ciudadana, Temas sociales locales (como salud, educación, transporte, servicios públicos)","Subvenciones o financiamiento internacional, Publicidad",Restricciones o impedimentos externos para cubrir ciertos temas (censura directa)
Portuguesa,"Cuenta en Instagram, Cuenta en Youtube, Radio (AM o FM)",Emprendimiento profesional ,"Arte y cultura local, Deporte local, Economía y desarrollo local, Gobierno y política local, Medio ambiente y sostenibilidad, Sucesos, seguridad y convivencia ciudadana, Temas sociales locales (como salud, educación, transporte, servicios públicos)",Publicidad,Decisiones de no cubrir ciertos contenidos por precaución (autocensura)
Portuguesa,"Canal o grupo de mensajería en Whatsapp, Cuenta en Instagram, Cuenta en Facebook, Cuenta en TikTok, Cuenta en X, Cuenta en Youtube, Periodismo cara a cara, Podcast, Portal web de noticias",Privado,"Economía y desarrollo local, Gobierno y política local, Medio ambiente y sostenibilidad, Temas sociales locales (como salud, educación, transporte, servicios públicos), Investigación académica y científica ",Publicidad,Prefiere no responder
Portuguesa,"Canal o grupo de mensajería en Whatsapp, Canal o grupo de mensajería en Telegram, Cuenta en Instagram, Cuenta en Facebook, Cuenta en TikTok, Cuenta en X, Cuenta en Youtube, Podcast, Portal web de noticias, TV (señal abierta o cable), TV transmitida vía web",Privado,"Arte y cultura local, Deporte local, Economía y desarrollo local, Gobierno y política local, Investigación y vigilancia al poder, Medio ambiente y sostenibilidad, Sucesos, seguridad y convivencia ciudadana, Temas sociales locales (como salud, educación, transporte, servicios públicos)","Aportes monetarios de los fundadores y/o el equipo, Contenidos puntuales patrocinados, Publicidad",Restricciones o impedimentos externos para cubrir ciertos temas (censura directa)
Portuguesa,"Canal o grupo de mensajería en Whatsapp, Canal o grupo de mensajería en Telegram, Cuenta en Instagram, Cuenta en Facebook, Cuenta en TikTok, Cuenta en X, Cuenta en Youtube, Periodismo cara a cara, Podcast, Portal web de noticias, Radio (AM o FM), Radio transmitida vía web",Comunitario,"Arte y cultura local, Deporte local, Economía y desarrollo local, Gobierno y política local, Investigación y vigilancia al poder, Medio ambiente y sostenibilidad, Sucesos, seguridad y convivencia ciudadana, Temas sociales locales (como salud, educación, transporte, servicios públicos)","Aportes monetarios de los fundadores y/o el equipo, Campañas de financiamiento colectivo (crowdfunding), Contenidos puntuales patrocinados, Donaciones de empresas, Eventos, Publicidad, Talleres / Capacitaciones",No ha enfrentado este tipo de situaciones
Portuguesa,"Cuenta en Instagram, Cuenta en Facebook, Cuenta en TikTok, Cuenta en X, Cuenta en Youtube, Portal web de noticias",Proyecto u organización sin figura jurídica,"Arte y cultura local, Deporte local, Economía y desarrollo local, Gobierno y política local, Medio ambiente y sostenibilidad, Sucesos, seguridad y convivencia ciudadana, Temas sociales locales (como salud, educación, transporte, servicios públicos)",Contenidos puntuales patrocinados,Decisiones de no cubrir ciertos contenidos por precaución (autocensura)
Portuguesa,"Cuenta en Instagram, Cuenta en TikTok, Cuenta en X, Cuenta en Youtube, Portal web de noticias, Radio (AM o FM), Radio transmitida vía web",Privado,"Economía y desarrollo local, Gobierno y política local, Sucesos, seguridad y convivencia ciudadana, Temas sociales locales (como salud, educación, transporte, servicios públicos)","Aportes monetarios de los fundadores y/o el equipo, Contenidos puntuales patrocinados, Publicidad",Decisiones de no cubrir ciertos contenidos por precaución (autocensura)
Portuguesa,"Canal o grupo de mensajería en Telegram, Cuenta en Instagram, Cuenta en Facebook, Cuenta en TikTok, Cuenta en X, Cuenta en Youtube, Periódico (impreso), Portal web de noticias",Privado,"Arte y cultura local, Deporte local, Economía y desarrollo local, Gobierno y política local, Sucesos, seguridad y convivencia ciudadana, Temas sociales locales (como salud, educación, transporte, servicios públicos)",Publicidad,No se maneja esta información
Portuguesa,"Canal o grupo de mensajería en Whatsapp, Canal o grupo de mensajería en Telegram, Cuenta en Instagram, Cuenta en Facebook, Cuenta en TikTok, Cuenta en X, Cuenta en Youtube, Portal web de noticias",No se maneja esta información,"Deporte local, Economía y desarrollo local, Gobierno y política local, Investigación y vigilancia al poder, Sucesos, seguridad y convivencia ciudadana, Temas sociales locales (como salud, educación, transporte, servicios públicos)",No se maneja esta información,No se maneja esta información
Sucre,"Cuenta en Instagram, Cuenta en TikTok, Cuenta en X, Cuenta en Youtube, Portal web de noticias, Radio (AM o FM), Radio transmitida vía web",Privado,"Temas sociales locales (como salud, educación, transporte, servicios públicos)","Aportes monetarios de los fundadores y/o el equipo, Contenidos puntuales patrocinados, Publicidad","Restricciones o impedimentos externos para cubrir ciertos temas (censura directa), Decisiones de no cubrir ciertos contenidos por precaución (autocensura)"
Sucre,"Canal o grupo de mensajería en Whatsapp, Canal o grupo de mensajería en Telegram, Cuenta en Instagram, Cuenta en Facebook, Cuenta en TikTok, Cuenta en X, Cuenta en Youtube, TV (señal abierta o cable)",Privado,"Economía y desarrollo local, Gobierno y política local, Sucesos, seguridad y convivencia ciudadana, Temas sociales locales (como salud, educación, transporte, servicios públicos)","Contenidos puntuales patrocinados, Publicidad","Presiones indirectas que influyen en la cobertura (por ejemplo, económicas, políticas o de seguridad)"
Sucre,"Cuenta en Instagram, Cuenta en TikTok, Radio (AM o FM)",Privado,"Economía y desarrollo local, Gobierno y política local, Investigación y vigilancia al poder, Medio ambiente y sostenibilidad, Sucesos, seguridad y convivencia ciudadana, Temas sociales locales (como salud, educación, transporte, servicios públicos)","Publicidad, Venta de productos y servicios, No sabe / Prefiere no responder","Restricciones o impedimentos externos para cubrir ciertos temas (censura directa), Decisiones de no cubrir ciertos contenidos por precaución (autocensura), Presiones indirectas que influyen en la cobertura (por ejemplo, económicas, políticas o de seguridad)"
Sucre,"Canal o grupo de mensajería en Whatsapp, Cuenta en Instagram, Cuenta en Facebook",Privado,"Arte y cultura local, Deporte local, Economía y desarrollo local, Gobierno y política local, Sucesos, seguridad y convivencia ciudadana, Temas sociales locales (como salud, educación, transporte, servicios públicos)",Publicidad,"Decisiones de no cubrir ciertos contenidos por precaución (autocensura), Presiones indirectas que influyen en la cobertura (por ejemplo, económicas, políticas o de seguridad)"
Sucre,"Canal o grupo de mensajería en Whatsapp, Cuenta en Instagram, Cuenta en Facebook",No sabe / Prefiere no responder,"Arte y cultura local, Deporte local, Economía y desarrollo local, Gobierno y política local, Medio ambiente y sostenibilidad","Aportes monetarios de los fundadores y/o el equipo, Contenidos puntuales patrocinados, Eventos, Publicidad",Prefiere no responder
Sucre,"Canal o grupo de mensajería en Whatsapp, Cuenta en Instagram, Cuenta en Facebook, Cuenta en TikTok, Cuenta en X",Privado,"Arte y cultura local, Deporte local, Gobierno y política local, Medio ambiente y sostenibilidad, Sucesos, seguridad y convivencia ciudadana, Temas sociales locales (como salud, educación, transporte, servicios públicos)","Aportes monetarios de los fundadores y/o el equipo, Contenidos puntuales patrocinados, Eventos, Publicidad","Restricciones o impedimentos externos para cubrir ciertos temas (censura directa), Decisiones de no cubrir ciertos contenidos por precaución (autocensura), Presiones indirectas que influyen en la cobertura (por ejemplo, económicas, políticas o de seguridad)"
Sucre,"Canal o grupo de mensajería en Whatsapp, Canal o grupo de mensajería en Telegram, Cuenta en Instagram, Cuenta en Facebook, Cuenta en X, Cuenta en Youtube, Portal web de noticias",Privado,"Economía y desarrollo local, Gobierno y política local, Temas sociales locales (como salud, educación, transporte, servicios públicos)","Publicidad, Subvenciones o financiamiento internacional, Venta de productos y servicios",No ha enfrentado este tipo de situaciones
Sucre,"Canal o grupo de mensajería en Whatsapp, Canal o grupo de mensajería en Telegram, Cuenta en Instagram, Cuenta en Facebook, Cuenta en X, Portal web de noticias",Proyecto u organización sin figura jurídica,"Economía y desarrollo local, Medio ambiente y sostenibilidad, Sucesos, seguridad y convivencia ciudadana, Temas sociales locales (como salud, educación, transporte, servicios públicos)",Subvenciones o financiamiento internacional,"Restricciones o impedimentos externos para cubrir ciertos temas (censura directa), Decisiones de no cubrir ciertos contenidos por precaución (autocensura), Presiones indirectas que influyen en la cobertura (por ejemplo, económicas, políticas o de seguridad)"
Sucre,"Cuenta en Instagram, Portal web de noticias, Radio (AM o FM)","Organización sin fines de lucro (asociación civil, fundación, ONG)","Temas sociales locales (como salud, educación, transporte, servicios públicos)",Fondos gubernamentales,Decisiones de no cubrir ciertos contenidos por precaución (autocensura)
Sucre,"Cuenta en Instagram, Cuenta en Facebook, Cuenta en X, Portal web de noticias",Privado,"Economía y desarrollo local, Gobierno y política local, Sucesos, seguridad y convivencia ciudadana, Temas sociales locales (como salud, educación, transporte, servicios públicos)",Publicidad,No se maneja esta información
Sucre,"Cuenta en Instagram, Cuenta en Facebook, Cuenta en X, Cuenta en Youtube, Periódico (impreso), Portal web de noticias",Privado,"Arte y cultura local, Deporte local, Economía y desarrollo local, Gobierno y política local, Sucesos, seguridad y convivencia ciudadana, Temas sociales locales (como salud, educación, transporte, servicios públicos)",Publicidad,No se maneja esta información
Sucre,"Cuenta en Instagram, Cuenta en Facebook, Cuenta en TikTok, Cuenta en X, Cuenta en Youtube, Portal web de noticias",No se maneja esta información,"Deporte local, Economía y desarrollo local, Sucesos, seguridad y convivencia ciudadana, Temas sociales locales (como salud, educación, transporte, servicios públicos)",No se maneja esta información,No se maneja esta información
Sucre,"Cuenta en Instagram, Cuenta en Facebook, Cuenta en TikTok, Cuenta en X, Cuenta en Youtube",No se maneja esta información,"Deporte local, Economía y desarrollo local, Gobierno y política local, Sucesos, seguridad y convivencia ciudadana, Temas sociales locales (como salud, educación, transporte, servicios públicos)",No se maneja esta información,No se maneja esta información
Sucre,"Cuenta en Instagram, Cuenta en Facebook, Cuenta en TikTok, Cuenta en Youtube, TV transmitida vía web",No se maneja esta información,"Arte y cultura local, Deporte local, Economía y desarrollo local, Gobierno y política local, Temas sociales locales (como salud, educación, transporte, servicios públicos)",Publicidad,No se maneja esta información
Táchira,"Canal o grupo de mensajería en Whatsapp, Canal o grupo de mensajería en Telegram, Cuenta en Instagram, Cuenta en Facebook, Cuenta en TikTok, Cuenta en X, Portal web de noticias",Privado,"Arte y cultura local, Deporte local, Economía y desarrollo local, Gobierno y política local, Investigación y vigilancia al poder, Medio ambiente y sostenibilidad, Sucesos, seguridad y convivencia ciudadana, Temas sociales locales (como salud, educación, transporte, servicios públicos)","Publicidad, Subvenciones o financiamiento internacional","Decisiones de no cubrir ciertos contenidos por precaución (autocensura), Presiones indirectas que influyen en la cobertura (por ejemplo, económicas, políticas o de seguridad)"
Táchira,"Cuenta en Instagram, Cuenta en Facebook",Proyecto u organización sin figura jurídica,"Arte y cultura local, Deporte local, Economía y desarrollo local, Gobierno y política local, Investigación y vigilancia al poder, Medio ambiente y sostenibilidad, Sucesos, seguridad y convivencia ciudadana, Temas sociales locales (como salud, educación, transporte, servicios públicos), ","Aportes monetarios de los fundadores y/o el equipo, Contenidos puntuales patrocinados",Decisiones de no cubrir ciertos contenidos por precaución (autocensura)
Táchira,Cuenta en Instagram,Proyecto u organización sin figura jurídica,"Arte y cultura local, Deporte local, Gobierno y política local, Medio ambiente y sostenibilidad, Sucesos, seguridad y convivencia ciudadana, Temas sociales locales (como salud, educación, transporte, servicios públicos)",Aportes monetarios de los fundadores y/o el equipo,Decisiones de no cubrir ciertos contenidos por precaución (autocensura)
Táchira,"Canal o grupo de mensajería en Whatsapp, Canal o grupo de mensajería en Telegram, Cuenta en Instagram, Cuenta en Facebook, Cuenta en TikTok, Cuenta en X, Cuenta en Youtube, Periódico (impreso), Portal web de noticias, Radio transmitida vía web",Privado,"Deporte local, Economía y desarrollo local, Gobierno y política local, Sucesos, seguridad y convivencia ciudadana, Temas sociales locales (como salud, educación, transporte, servicios públicos), ","Contenidos puntuales patrocinados, Publicidad, Venta de productos y servicios, ",No ha enfrentado este tipo de situaciones
Táchira,"Cuenta en Instagram, Cuenta en Facebook, Cuenta en X, Periodismo cara a cara, Portal web de noticias, Radio (AM o FM)",Proyecto u organización sin figura jurídica,"Arte y cultura local, Deporte local, Economía y desarrollo local, Gobierno y política local, Medio ambiente y sostenibilidad, Sucesos, seguridad y convivencia ciudadana, Temas sociales locales (como salud, educación, transporte, servicios públicos)","Aportes monetarios de los fundadores y/o el equipo, Contenidos puntuales patrocinados, Publicidad","Restricciones o impedimentos externos para cubrir ciertos temas (censura directa), Decisiones de no cubrir ciertos contenidos por precaución (autocensura)"
Táchira,"Canal o grupo de mensajería en Whatsapp, Canal o grupo de mensajería en Telegram, Cuenta en Instagram, Cuenta en Facebook, Cuenta en TikTok",Proyecto u organización sin figura jurídica,"Medio ambiente y sostenibilidad, Sucesos, seguridad y convivencia ciudadana, Temas sociales locales (como salud, educación, transporte, servicios públicos)",No hay ninguna fuente de ingresos,"Restricciones o impedimentos externos para cubrir ciertos temas (censura directa), Decisiones de no cubrir ciertos contenidos por precaución (autocensura), Presiones indirectas que influyen en la cobertura (por ejemplo, económicas, políticas o de seguridad)"
Táchira,"Canal o grupo de mensajería en Whatsapp, Cuenta en Instagram, Cuenta en Facebook, Cuenta en TikTok, Cuenta en Youtube, Radio (AM o FM)",Privado,"Arte y cultura local, Deporte local, Economía y desarrollo local, Gobierno y política local, Medio ambiente y sostenibilidad, Sucesos, seguridad y convivencia ciudadana, Temas sociales locales (como salud, educación, transporte, servicios públicos)",Publicidad,Decisiones de no cubrir ciertos contenidos por precaución (autocensura)
Táchira,"Canal o grupo de mensajería en Telegram, Cuenta en Instagram, Cuenta en TikTok, Portal web de noticias",Privado,"Arte y cultura local, Deporte local, Economía y desarrollo local, Gobierno y política local, Sucesos, seguridad y convivencia ciudadana, Temas sociales locales (como salud, educación, transporte, servicios públicos)","Contenidos puntuales patrocinados, Publicidad","Restricciones o impedimentos externos para cubrir ciertos temas (censura directa), Decisiones de no cubrir ciertos contenidos por precaución (autocensura), Presiones indirectas que influyen en la cobertura (por ejemplo, económicas, políticas o de seguridad)"
Táchira,"Cuenta en Instagram, Cuenta en Facebook",Proyecto u organización sin figura jurídica,"Arte y cultura local, Deporte local, Economía y desarrollo local, Gobierno y política local, Sucesos, seguridad y convivencia ciudadana, Temas sociales locales (como salud, educación, transporte, servicios públicos)",Publicidad,"Decisiones de no cubrir ciertos contenidos por precaución (autocensura), Presiones indirectas que influyen en la cobertura (por ejemplo, económicas, políticas o de seguridad)"
Táchira,"Canal o grupo de mensajería en Whatsapp, Canal o grupo de mensajería en Telegram, Cuenta en Instagram, Cuenta en Youtube",Proyecto u organización sin figura jurídica,"Arte y cultura local, Deporte local, Economía y desarrollo local, Gobierno y política local, Sucesos, seguridad y convivencia ciudadana, Temas sociales locales (como salud, educación, transporte, servicios públicos)",Publicidad,"Decisiones de no cubrir ciertos contenidos por precaución (autocensura), Presiones indirectas que influyen en la cobertura (por ejemplo, económicas, políticas o de seguridad)"
Táchira,"Canal o grupo de mensajería en Whatsapp, Cuenta en Instagram, Cuenta en Facebook, Cuenta en TikTok, Radio transmitida vía web",Comunitario,"Arte y cultura local, Deporte local, Temas sociales locales (como salud, educación, transporte, servicios públicos)","Aportes monetarios de los fundadores y/o el equipo, Publicidad",Prefiere no responder
Táchira,Cuenta en Instagram,Privado,"Arte y cultura local, Deporte local, Gobierno y política local, Sucesos, seguridad y convivencia ciudadana, Temas sociales locales (como salud, educación, transporte, servicios públicos)",No hay ninguna fuente de ingresos,No ha enfrentado este tipo de situaciones
Táchira,Cuenta en Instagram,Privado,"Arte y cultura local, Deporte local, Economía y desarrollo local, Gobierno y política local, Investigación y vigilancia al poder, Medio ambiente y sostenibilidad, Sucesos, seguridad y convivencia ciudadana, Temas sociales locales (como salud, educación, transporte, servicios públicos)",No hay ninguna fuente de ingresos,"Presiones indirectas que influyen en la cobertura (por ejemplo, económicas, políticas o de seguridad)"
Táchira,"Canal o grupo de mensajería en Whatsapp, Cuenta en Instagram, Cuenta en Facebook, Radio (AM o FM), Radio transmitida vía web",Privado,"Arte y cultura local, Deporte local, Gobierno y política local, Medio ambiente y sostenibilidad, Sucesos, seguridad y convivencia ciudadana, Temas sociales locales (como salud, educación, transporte, servicios públicos)",Publicidad,Prefiere no responder
Táchira,"Cuenta en Instagram, Cuenta en TikTok, Radio (AM o FM), Radio transmitida vía web",Privado,"Arte y cultura local, Deporte local, Economía y desarrollo local, Gobierno y política local, Medio ambiente y sostenibilidad, Sucesos, seguridad y convivencia ciudadana, Temas sociales locales (como salud, educación, transporte, servicios públicos)","Contenidos puntuales patrocinados, Eventos, Publicidad","Presiones indirectas que influyen en la cobertura (por ejemplo, económicas, políticas o de seguridad)"
Táchira,"Canal o grupo de mensajería en Whatsapp, Cuenta en Instagram, Cuenta en TikTok, Cuenta en Youtube",Privado,Deporte local,Publicidad,"Restricciones o impedimentos externos para cubrir ciertos temas (censura directa), Decisiones de no cubrir ciertos contenidos por precaución (autocensura)"
Táchira,"Cuenta en Instagram, Cuenta en Facebook",Proyecto u organización sin figura jurídica,"Arte y cultura local, Economía y desarrollo local, Gobierno y política local, Sucesos, seguridad y convivencia ciudadana, Temas sociales locales (como salud, educación, transporte, servicios públicos), eventos religiosos","Aportes monetarios de los fundadores y/o el equipo, Publicidad",No ha enfrentado este tipo de situaciones
Táchira,"Cuenta en Instagram, Cuenta en TikTok, Cuenta en X, Cuenta en Youtube, TV (señal abierta o cable), TV transmitida vía web",Privado,"Arte y cultura local, Deporte local, Economía y desarrollo local, Gobierno y política local, Sucesos, seguridad y convivencia ciudadana, Temas sociales locales (como salud, educación, transporte, servicios públicos)",Publicidad,"Decisiones de no cubrir ciertos contenidos por precaución (autocensura), Presiones indirectas que influyen en la cobertura (por ejemplo, económicas, políticas o de seguridad)"
Táchira,"Cuenta en Instagram, Cuenta en Youtube",Privado,"Economía y desarrollo local, Gobierno y política local, Sucesos, seguridad y convivencia ciudadana, Temas sociales locales (como salud, educación, transporte, servicios públicos)",Publicidad,Decisiones de no cubrir ciertos contenidos por precaución (autocensura)
Táchira,"Cuenta en Instagram, Cuenta en Facebook, Cuenta en TikTok, Cuenta en X",Proyecto u organización sin figura jurídica,"Economía y desarrollo local, Gobierno y política local, Investigación y vigilancia al poder, Temas sociales locales (como salud, educación, transporte, servicios públicos)",No hay ninguna fuente de ingresos,Restricciones o impedimentos externos para cubrir ciertos temas (censura directa)
Táchira,"Canal o grupo de mensajería en Whatsapp, Cuenta en Instagram, Cuenta en X, Radio (AM o FM)","Organización sin fines de lucro (asociación civil, fundación, ONG)","Arte y cultura local, Deporte local, Temas sociales locales (como salud, educación, transporte, servicios públicos)","Contenidos puntuales patrocinados, Publicidad",Decisiones de no cubrir ciertos contenidos por precaución (autocensura)
Táchira,"Cuenta en Instagram, Cuenta en Facebook, Cuenta en TikTok, Cuenta en X, Periódico (impreso), Portal web de noticias",Privado,"Arte y cultura local, Economía y desarrollo local, Gobierno y política local, Medio ambiente y sostenibilidad, Temas sociales locales (como salud, educación, transporte, servicios públicos), Religión ","Donaciones de la audiencia, membresías o suscripciones, Publicidad",Decisiones de no cubrir ciertos contenidos por precaución (autocensura)
Táchira,"Cuenta en Instagram, Cuenta en Facebook, Cuenta en X, Cuenta en Youtube, Portal web de noticias",Privado,"Arte y cultura local, Deporte local, Economía y desarrollo local, Gobierno y política local, Medio ambiente y sostenibilidad, Sucesos, seguridad y convivencia ciudadana, Temas sociales locales (como salud, educación, transporte, servicios públicos)",No se maneja esta información,No se maneja esta información
Táchira,"Canal o grupo de mensajería en Whatsapp, Canal o grupo de mensajería en Telegram, Cuenta en Instagram, Cuenta en Facebook, Cuenta en TikTok, Cuenta en X, Cuenta en Youtube, Periodismo cara a cara, Portal web de noticias","Organización sin fines de lucro (asociación civil, fundación, ONG)","Arte y cultura local, Deporte local, Economía y desarrollo local, Gobierno y política local, Investigación y vigilancia al poder, Medio ambiente y sostenibilidad, Sucesos, seguridad y convivencia ciudadana, Temas sociales locales (como salud, educación, transporte, servicios públicos)","Subvenciones o financiamiento internacional, Publicidad",No se maneja esta información
Táchira,"Cuenta en Instagram, Cuenta en Facebook, Cuenta en TikTok, Cuenta en X, Cuenta en Youtube, Portal web de noticias",Privado,"Arte y cultura local, Deporte local, Economía y desarrollo local, Gobierno y política local, Medio ambiente y sostenibilidad, Sucesos, seguridad y convivencia ciudadana, Temas sociales locales (como salud, educación, transporte, servicios públicos)",No se maneja esta información,No se maneja esta información
Táchira,"Canal o grupo de mensajería en Whatsapp, Canal o grupo de mensajería en Telegram, Cuenta en Instagram, Cuenta en Facebook, Cuenta en X, Portal web de noticias",Proyecto u organización sin figura jurídica,"Arte y cultura local, Deporte local, Economía y desarrollo local, Gobierno y política local, Investigación y vigilancia al poder, Medio ambiente y sostenibilidad, Sucesos, seguridad y convivencia ciudadana, Temas sociales locales (como salud, educación, transporte, servicios públicos)",Subvenciones o financiamiento internacional,No se maneja esta información
Trujillo,"Canal o grupo de mensajería en Whatsapp, Canal o grupo de mensajería en Telegram, Cuenta en Instagram, Cuenta en Facebook, Cuenta en TikTok, Cuenta en X, Cuenta en Youtube",Privado,"Arte y cultura local, Deporte local, Economía y desarrollo local, Medio ambiente y sostenibilidad, Sucesos, seguridad y convivencia ciudadana, Temas sociales locales (como salud, educación, transporte, servicios públicos)","Eventos, Publicidad, Talleres / Capacitaciones","Restricciones o impedimentos externos para cubrir ciertos temas (censura directa), Decisiones de no cubrir ciertos contenidos por precaución (autocensura), Presiones indirectas que influyen en la cobertura (por ejemplo, económicas, políticas o de seguridad)"
Trujillo,"Cuenta en Instagram, Cuenta en Facebook, Cuenta en X, Radio (AM o FM), Radio transmitida vía web","Organización sin fines de lucro (asociación civil, fundación, ONG)","Arte y cultura local, Deporte local, Economía y desarrollo local, Medio ambiente y sostenibilidad",Publicidad,"Decisiones de no cubrir ciertos contenidos por precaución (autocensura), Presiones indirectas que influyen en la cobertura (por ejemplo, económicas, políticas o de seguridad)"
Trujillo,"Canal o grupo de mensajería en Whatsapp, Canal o grupo de mensajería en Telegram, Cuenta en Instagram, Cuenta en Facebook, Cuenta en TikTok, Cuenta en X, Portal web de noticias",Privado,"Arte y cultura local, Economía y desarrollo local, Gobierno y política local, Sucesos, seguridad y convivencia ciudadana, Temas sociales locales (como salud, educación, transporte, servicios públicos)","Publicidad, Subvenciones o financiamiento internacional","Decisiones de no cubrir ciertos contenidos por precaución (autocensura), Presiones indirectas que influyen en la cobertura (por ejemplo, económicas, políticas o de seguridad)"
Trujillo,"Cuenta en Instagram, Cuenta en Facebook, Cuenta en TikTok, Cuenta en X, Radio (AM o FM), Radio transmitida vía web",Proyecto u organización sin figura jurídica,"Arte y cultura local, Deporte local, Economía y desarrollo local, Medio ambiente y sostenibilidad",Publicidad,Decisiones de no cubrir ciertos contenidos por precaución (autocensura)
Trujillo,"Cuenta en Instagram, Radio (AM o FM)",No se maneja esta información,"Arte y cultura local, Deporte local, Economía y desarrollo local, Gobierno y política local, Medio ambiente y sostenibilidad, Sucesos, seguridad y convivencia ciudadana, Temas sociales locales (como salud, educación, transporte, servicios públicos)",Publicidad,No se maneja esta información
Trujillo,"Cuenta en Instagram, Radio (AM o FM), Radio transmitida vía web",No se maneja esta información,"Arte y cultura local, Deporte local, Economía y desarrollo local, Gobierno y política local, Medio ambiente y sostenibilidad, Sucesos, seguridad y convivencia ciudadana, Temas sociales locales (como salud, educación, transporte, servicios públicos)",Publicidad,No se maneja esta información
Trujillo,"Cuenta en Instagram, Portal web de noticias, No sé si se sigue imprimendo. Sugiero consultar con el corresponsal de  IPYS en Trujillo",Estatal,"Arte y cultura local, Deporte local, Economía y desarrollo local, Gobierno y política local, Medio ambiente y sostenibilidad, Sucesos, seguridad y convivencia ciudadana, Temas sociales locales (como salud, educación, transporte, servicios públicos)",Fondos gubernamentales,No se maneja esta información
Trujillo,"Cuenta en Instagram, Cuenta en Facebook",Privado,"Arte y cultura local, Deporte local, Economía y desarrollo local, Gobierno y política local, Medio ambiente y sostenibilidad, Sucesos, seguridad y convivencia ciudadana, Temas sociales locales (como salud, educación, transporte, servicios públicos)",Publicidad,No se maneja esta información
Trujillo,"Cuenta en Instagram, Cuenta en TikTok, Radio (AM o FM), Radio transmitida vía web",Estatal,"Arte y cultura local, Deporte local, Economía y desarrollo local, Gobierno y política local, Medio ambiente y sostenibilidad, Sucesos, seguridad y convivencia ciudadana, Temas sociales locales (como salud, educación, transporte, servicios públicos)",Fondos gubernamentales,No se maneja esta información
Trujillo,Cuenta en Instagram,No se maneja esta información,"Arte y cultura local, Deporte local, Economía y desarrollo local, Gobierno y política local, Medio ambiente y sostenibilidad, Sucesos, seguridad y convivencia ciudadana, Temas sociales locales (como salud, educación, transporte, servicios públicos)",Publicidad,No se maneja esta información
Trujillo,"Canal o grupo de mensajería en Telegram, Cuenta en Instagram",No se maneja esta información,"Gobierno y política local, Sucesos, seguridad y convivencia ciudadana, Temas sociales locales (como salud, educación, transporte, servicios públicos)",Publicidad,No se maneja esta información
Trujillo,"Canal o grupo de mensajería en Telegram, Cuenta en Instagram, Cuenta en Facebook",No se maneja esta información,"Arte y cultura local, Deporte local, Economía y desarrollo local, Gobierno y política local, Medio ambiente y sostenibilidad, Sucesos, seguridad y convivencia ciudadana, Temas sociales locales (como salud, educación, transporte, servicios públicos)",Publicidad,No se maneja esta información
Trujillo,"Cuenta en Facebook, Radio (AM o FM)",Estatal,Gobierno y política local,No se maneja esta información,No se maneja esta información
Trujillo,"Cuenta en Instagram, Radio (AM o FM), Radio transmitida vía web",Privado,"Arte y cultura local, Deporte local, Economía y desarrollo local, Gobierno y política local, Sucesos, seguridad y convivencia ciudadana, Temas sociales locales (como salud, educación, transporte, servicios públicos)",Publicidad,No se maneja esta información
Trujillo,"Cuenta en Instagram, Radio (AM o FM), Radio transmitida vía web",Privado,"Arte y cultura local, Temas sociales locales (como salud, educación, transporte, servicios públicos)",Publicidad,No se maneja esta información
Trujillo,"Canal o grupo de mensajería en Telegram, Cuenta en Instagram, Cuenta en Facebook, Cuenta en TikTok, Cuenta en X, Cuenta en Youtube, Periódico (impreso), Portal web de noticias",Privado,"Arte y cultura local, Deporte local, Economía y desarrollo local, Gobierno y política local, Sucesos, seguridad y convivencia ciudadana, Temas sociales locales (como salud, educación, transporte, servicios públicos)",Publicidad,No se maneja esta información
Trujillo,"Cuenta en Instagram, Cuenta en Facebook",Proyecto u organización sin figura jurídica,"Arte y cultura local, Deporte local, Economía y desarrollo local, Gobierno y política local, Medio ambiente y sostenibilidad, Sucesos, seguridad y convivencia ciudadana, Temas sociales locales (como salud, educación, transporte, servicios públicos)",Publicidad,No se maneja esta información
Trujillo,"Canal o grupo de mensajería en Telegram, Cuenta en Instagram, Cuenta en Facebook, Threads, pero publican muy poco en esa red social",No se maneja esta información,"Arte y cultura local, Deporte local, Economía y desarrollo local, Gobierno y política local, Medio ambiente y sostenibilidad, Sucesos, seguridad y convivencia ciudadana, Temas sociales locales (como salud, educación, transporte, servicios públicos)","Contenidos puntuales patrocinados, Publicidad",No se maneja esta información
Trujillo,"Cuenta en Instagram, Cuenta en Facebook, Portal web de noticias, Tuvo edición impresa hasta 2018",Privado,"Arte y cultura local, Deporte local, Economía y desarrollo local, Gobierno y política local, Medio ambiente y sostenibilidad, Sucesos, seguridad y convivencia ciudadana, Temas sociales locales (como salud, educación, transporte, servicios públicos)",Publicidad,No se maneja esta información
Trujillo,"Cuenta en Instagram, Cuenta en Facebook",No se maneja esta información,"Arte y cultura local, Deporte local, Sucesos, seguridad y convivencia ciudadana, Temas sociales locales (como salud, educación, transporte, servicios públicos), Este medio publica principalmente publicidad. Muy poca información que casi siempre publica en colaboración con otros medios que la generan. No tiene generación propia de noticias",Publicidad,No se maneja esta información
Trujillo,"Canal o grupo de mensajería en Whatsapp, Cuenta en Instagram, Cuenta en Facebook, Cuenta en TikTok, Su cuenta principal de Instagram la inhabilitaron el 19 de julio de 2026",No se maneja esta información,"Arte y cultura local, Deporte local, Sucesos, seguridad y convivencia ciudadana, Temas sociales locales (como salud, educación, transporte, servicios públicos)",Publicidad,No se maneja esta información
Trujillo,"Cuenta en Instagram, Cuenta en Facebook, Cuenta en TikTok",No se maneja esta información,"Arte y cultura local, Deporte local, Economía y desarrollo local, Gobierno y política local, Medio ambiente y sostenibilidad, Sucesos, seguridad y convivencia ciudadana, Temas sociales locales (como salud, educación, transporte, servicios públicos)",Publicidad,No se maneja esta información
Trujillo,"Canal o grupo de mensajería en Telegram, Cuenta en Instagram, Cuenta en Facebook, Cuenta en TikTok, Cuenta en Youtube",No se maneja esta información,"Arte y cultura local, Deporte local, Economía y desarrollo local, Gobierno y política local, Sucesos, seguridad y convivencia ciudadana, Temas sociales locales (como salud, educación, transporte, servicios públicos)",Publicidad,No se maneja esta información
Trujillo,"Cuenta en Instagram, Cuenta en Facebook",No se maneja esta información,"Arte y cultura local, Deporte local, Economía y desarrollo local, Gobierno y política local, Sucesos, seguridad y convivencia ciudadana, Temas sociales locales (como salud, educación, transporte, servicios públicos)",Publicidad,No se maneja esta información
Trujillo,"Cuenta en Instagram, Radio (AM o FM), Es un programa informativo que se transmite de lunes a viernes por la emisora Jardín 103.7 FM. Utilizan su cuenta en Instagram para difundir información y publicidad",No se maneja esta información,"Arte y cultura local, Deporte local, Economía y desarrollo local, Gobierno y política local, Sucesos, seguridad y convivencia ciudadana, Temas sociales locales (como salud, educación, transporte, servicios públicos)",Publicidad,No se maneja esta información
Trujillo,Cuenta en Instagram,No se maneja esta información,"Arte y cultura local, Deporte local, Economía y desarrollo local, Gobierno y política local, Sucesos, seguridad y convivencia ciudadana, Temas sociales locales (como salud, educación, transporte, servicios públicos)",Publicidad,No se maneja esta información
Trujillo,"Cuenta en Instagram, Cuenta en Facebook, Cuenta en Youtube",No se maneja esta información,"Arte y cultura local, Deporte local, Economía y desarrollo local, Gobierno y política local, Sucesos, seguridad y convivencia ciudadana, Temas sociales locales (como salud, educación, transporte, servicios públicos)",Publicidad,No se maneja esta información
Trujillo,Cuenta en Instagram,No se maneja esta información,"Arte y cultura local, Deporte local, Economía y desarrollo local, Gobierno y política local, Sucesos, seguridad y convivencia ciudadana, Temas sociales locales (como salud, educación, transporte, servicios públicos)",Publicidad,No se maneja esta información
Trujillo,"Cuenta en Instagram, Tienen una cuenta en Threads y un canal en Instagram, pero no publican allí desde hace más de 3 meses",No se maneja esta información,"Arte y cultura local, Deporte local, Economía y desarrollo local, Gobierno y política local, Sucesos, seguridad y convivencia ciudadana, Temas sociales locales (como salud, educación, transporte, servicios públicos)",Publicidad,No se maneja esta información
Trujillo,Cuenta en Instagram,No se maneja esta información,"Arte y cultura local, Deporte local, Economía y desarrollo local, Gobierno y política local, Sucesos, seguridad y convivencia ciudadana, Temas sociales locales (como salud, educación, transporte, servicios públicos)",Publicidad,No se maneja esta información
Trujillo,"Cuenta en Instagram, Cuenta en Facebook, TV (señal abierta o cable), TV transmitida vía web",No se maneja esta información,"Arte y cultura local, Deporte local, Economía y desarrollo local, Gobierno y política local, Sucesos, seguridad y convivencia ciudadana, Temas sociales locales (como salud, educación, transporte, servicios públicos)",No se maneja esta información,No se maneja esta información
Trujillo,"Cuenta en Instagram, Cuenta en Facebook, TV (señal abierta o cable), TV transmitida vía web",No se maneja esta información,"Arte y cultura local, Deporte local, Economía y desarrollo local, Gobierno y política local, Medio ambiente y sostenibilidad, Sucesos, seguridad y convivencia ciudadana, Temas sociales locales (como salud, educación, transporte, servicios públicos)","Fondos gubernamentales, Publicidad",No se maneja esta información
Trujillo,"Cuenta en Instagram, Cuenta en TikTok",No se maneja esta información,"Arte y cultura local, Deporte local, Economía y desarrollo local, Gobierno y política local, Sucesos, seguridad y convivencia ciudadana, Temas sociales locales (como salud, educación, transporte, servicios públicos)",No se maneja esta información,No se maneja esta información
Trujillo,"Cuenta en Instagram, Cuenta en Facebook, Tienen una cuenta en Threads y un blog en blogspot. Está actualizado",No se maneja esta información,"Arte y cultura local, Deporte local, Economía y desarrollo local, Gobierno y política local, Medio ambiente y sostenibilidad, Sucesos, seguridad y convivencia ciudadana, Temas sociales locales (como salud, educación, transporte, servicios públicos)",Publicidad,No se maneja esta información
Yaracuy,"Canal o grupo de mensajería en Whatsapp, Cuenta en Instagram, Cuenta en Facebook, Cuenta en X, Cuenta en Youtube, Portal web de noticias, TV transmitida vía web",Proyecto u organización sin figura jurídica,"Arte y cultura local, Economía y desarrollo local, Gobierno y política local, Investigación y vigilancia al poder, Sucesos, seguridad y convivencia ciudadana, Temas sociales locales (como salud, educación, transporte, servicios públicos)","Campañas de financiamiento colectivo (crowdfunding), Contenidos puntuales patrocinados, Publicidad","Restricciones o impedimentos externos para cubrir ciertos temas (censura directa), Decisiones de no cubrir ciertos contenidos por precaución (autocensura), Presiones indirectas que influyen en la cobertura (por ejemplo, económicas, políticas o de seguridad)"
Yaracuy,"Canal o grupo de mensajería en Telegram, Cuenta en Instagram, Cuenta en Facebook, Cuenta en TikTok, Cuenta en X, Cuenta en Youtube, Periódico (impreso), Podcast",Privado,"Arte y cultura local, Deporte local, Economía y desarrollo local, Gobierno y política local, Medio ambiente y sostenibilidad","Aportes monetarios de los fundadores y/o el equipo, Publicidad, Venta de productos y servicios","Restricciones o impedimentos externos para cubrir ciertos temas (censura directa), Decisiones de no cubrir ciertos contenidos por precaución (autocensura)"
Yaracuy,"Canal o grupo de mensajería en Telegram, Cuenta en Instagram, Cuenta en Facebook, Cuenta en X, Radio (AM o FM), Radio transmitida vía web",Privado,"Arte y cultura local, Deporte local, Economía y desarrollo local, Gobierno y política local, Medio ambiente y sostenibilidad, Sucesos, seguridad y convivencia ciudadana, Temas sociales locales (como salud, educación, transporte, servicios públicos)","Aportes monetarios de los fundadores y/o el equipo, Contenidos puntuales patrocinados, Publicidad","Restricciones o impedimentos externos para cubrir ciertos temas (censura directa), Presiones indirectas que influyen en la cobertura (por ejemplo, económicas, políticas o de seguridad)"
Yaracuy,"Cuenta en TikTok, Cuenta en Youtube, Radio (AM o FM)",Proyecto u organización sin figura jurídica,"Arte y cultura local, Gobierno y política local, Investigación y vigilancia al poder, Sucesos, seguridad y convivencia ciudadana, Temas sociales locales (como salud, educación, transporte, servicios públicos)",No hay ninguna fuente de ingresos,"Restricciones o impedimentos externos para cubrir ciertos temas (censura directa), Decisiones de no cubrir ciertos contenidos por precaución (autocensura), Presiones indirectas que influyen en la cobertura (por ejemplo, económicas, políticas o de seguridad)"
Yaracuy,Portal web de noticias,Privado,"Arte y cultura local, Temas sociales locales (como salud, educación, transporte, servicios públicos), ",Aportes monetarios de los fundadores y/o el equipo,Decisiones de no cubrir ciertos contenidos por precaución (autocensura)
Yaracuy,"Canal o grupo de mensajería en Telegram, Cuenta en Instagram, Cuenta en Facebook, Cuenta en TikTok, Cuenta en X, Cuenta en Youtube, Periódico (impreso), Portal web de noticias",Privado,"Arte y cultura local, Economía y desarrollo local, Gobierno y política local",Publicidad,"Restricciones o impedimentos externos para cubrir ciertos temas (censura directa), Decisiones de no cubrir ciertos contenidos por precaución (autocensura), Presiones indirectas que influyen en la cobertura (por ejemplo, económicas, políticas o de seguridad)"
Yaracuy,"Canal o grupo de mensajería en Whatsapp, Canal o grupo de mensajería en Telegram, Cuenta en Instagram, Cuenta en Facebook, Cuenta en TikTok",Privado,"Arte y cultura local, Medio ambiente y sostenibilidad, Turismo",No hay ninguna fuente de ingresos,No ha enfrentado este tipo de situaciones
Yaracuy,"Cuenta en Instagram, Cuenta en Facebook",Agroturistico,"Arte y cultura local, Deporte local, Medio ambiente y sostenibilidad, Agricola turismo",No hay ninguna fuente de ingresos,No ha enfrentado este tipo de situaciones
Yaracuy,"Canal o grupo de mensajería en Whatsapp, Cuenta en Instagram, Cuenta en Facebook, Cuenta en TikTok, Cuenta en Youtube, Portal web de noticias, Radio (AM o FM), Radio transmitida vía web","Organización sin fines de lucro (asociación civil, fundación, ONG)","Arte y cultura local, Deporte local, Economía y desarrollo local, Gobierno y política local, Medio ambiente y sostenibilidad, Sucesos, seguridad y convivencia ciudadana, Temas sociales locales (como salud, educación, transporte, servicios públicos)","Contenidos puntuales patrocinados, Publicidad, Talleres / Capacitaciones",No ha enfrentado este tipo de situaciones
Yaracuy,"Cuenta en Instagram, Cuenta en Facebook, Cuenta en TikTok",No sabe / Prefiere no responder,"Arte y cultura local, Gobierno y política local, Sucesos, seguridad y convivencia ciudadana, Temas sociales locales (como salud, educación, transporte, servicios públicos)",No hay ninguna fuente de ingresos,"Presiones indirectas que influyen en la cobertura (por ejemplo, económicas, políticas o de seguridad)"
Yaracuy,"Canal o grupo de mensajería en Whatsapp, Cuenta en Instagram, Cuenta en Facebook, Cuenta en TikTok, Radio (AM o FM), Radio transmitida vía web",Comunitario,"Arte y cultura local, Deporte local, Economía y desarrollo local, Gobierno y política local, Medio ambiente y sostenibilidad, Temas sociales locales (como salud, educación, transporte, servicios públicos)","Aportes monetarios de los fundadores y/o el equipo, Publicidad","Decisiones de no cubrir ciertos contenidos por precaución (autocensura), Presiones indirectas que influyen en la cobertura (por ejemplo, económicas, políticas o de seguridad)"
Yaracuy,"Canal o grupo de mensajería en Whatsapp, Cuenta en Instagram, Cuenta en Facebook, Cuenta en TikTok, Podcast, Radio (AM o FM)",Medio comunicacional independiente ,"Arte y cultura local, Deporte local, Economía y desarrollo local, Gobierno y política local, Investigación y vigilancia al poder, Medio ambiente y sostenibilidad, Sucesos, seguridad y convivencia ciudadana, Temas sociales locales (como salud, educación, transporte, servicios públicos)","Contenidos puntuales patrocinados, Fondos gubernamentales, Intercambios publicitarios ","Presiones indirectas que influyen en la cobertura (por ejemplo, económicas, políticas o de seguridad)"
Yaracuy,"Cuenta en Instagram, Cuenta en Facebook, Cuenta en TikTok, Cuenta en Youtube",No sabe / Prefiere no responder,"Arte y cultura local, Economía y desarrollo local, Gobierno y política local, Temas sociales locales (como salud, educación, transporte, servicios públicos)","Contenidos puntuales patrocinados, Publicidad",Decisiones de no cubrir ciertos contenidos por precaución (autocensura)
Yaracuy,"Cuenta en Instagram, Cuenta en Facebook, Cuenta en TikTok",Proyecto u organización sin figura jurídica,"Economía y desarrollo local, Gobierno y política local, Sucesos, seguridad y convivencia ciudadana, Temas sociales locales (como salud, educación, transporte, servicios públicos)","Aportes monetarios de los fundadores y/o el equipo, Contenidos puntuales patrocinados, Donaciones de empresas, Publicidad",Decisiones de no cubrir ciertos contenidos por precaución (autocensura)
Yaracuy,"Cuenta en Instagram, Cuenta en TikTok",Proyecto u organización sin figura jurídica,"Arte y cultura local, Deporte local, Economía y desarrollo local, Gobierno y política local, Sucesos, seguridad y convivencia ciudadana, Temas sociales locales (como salud, educación, transporte, servicios públicos)","Aportes monetarios de los fundadores y/o el equipo, Contenidos puntuales patrocinados, Publicidad",Decisiones de no cubrir ciertos contenidos por precaución (autocensura)
Yaracuy,"Cuenta en Instagram, Cuenta en Facebook, Cuenta en TikTok",Es unipersonal pero solo difunde información ofical,"Arte y cultura local, Deporte local, Economía y desarrollo local","Contenidos puntuales patrocinados, Fondos gubernamentales, Publicidad",No ha enfrentado este tipo de situaciones
Yaracuy,Radio (AM o FM),Privado,"Arte y cultura local, Deporte local, Economía y desarrollo local, Sucesos, seguridad y convivencia ciudadana, Temas sociales locales (como salud, educación, transporte, servicios públicos)",Publicidad,Decisiones de no cubrir ciertos contenidos por precaución (autocensura)
Yaracuy,"Canal o grupo de mensajería en Whatsapp, Cuenta en Instagram, Cuenta en Facebook, Cuenta en TikTok, Radio (AM o FM)",Privado,"Arte y cultura local, Deporte local, Economía y desarrollo local, Temas sociales locales (como salud, educación, transporte, servicios públicos)",Publicidad,Decisiones de no cubrir ciertos contenidos por precaución (autocensura)
Yaracuy,"Cuenta en Instagram, Cuenta en Facebook, Radio (AM o FM)",Privado,"Arte y cultura local, Deporte local, Economía y desarrollo local, Gobierno y política local, Temas sociales locales (como salud, educación, transporte, servicios públicos)",Publicidad,Decisiones de no cubrir ciertos contenidos por precaución (autocensura)
Yaracuy,"Canal o grupo de mensajería en Whatsapp, Cuenta en Instagram, Cuenta en Facebook, Radio (AM o FM), Radio transmitida vía web",Privado,"Arte y cultura local, Deporte local, Temas sociales locales (como salud, educación, transporte, servicios públicos)",Publicidad,No ha enfrentado este tipo de situaciones
Yaracuy,"Canal o grupo de mensajería en Whatsapp, Cuenta en Instagram, Cuenta en Facebook, Cuenta en TikTok, Radio (AM o FM)",Privado,"Arte y cultura local, Deporte local, Temas sociales locales (como salud, educación, transporte, servicios públicos)","Eventos, Publicidad",Decisiones de no cubrir ciertos contenidos por precaución (autocensura)
Yaracuy,"Cuenta en Instagram, Cuenta en Facebook, Radio (AM o FM)",Comunitario,"Arte y cultura local, Deporte local, Economía y desarrollo local, Gobierno y política local","Contenidos puntuales patrocinados, Fondos gubernamentales",No ha enfrentado este tipo de situaciones
Yaracuy,"Cuenta en Instagram, Cuenta en Facebook, Cuenta en TikTok, Cuenta en X",Estatal,"Arte y cultura local, Deporte local, Economía y desarrollo local, Gobierno y política local, Temas sociales locales (como salud, educación, transporte, servicios públicos)","Contenidos puntuales patrocinados, Fondos gubernamentales, Publicidad",No ha enfrentado este tipo de situaciones
Yaracuy,"Cuenta en Instagram, Cuenta en Facebook, Radio (AM o FM)",Privado,Deporte local,Publicidad,Decisiones de no cubrir ciertos contenidos por precaución (autocensura)
Yaracuy,"Canal o grupo de mensajería en Whatsapp, Cuenta en Instagram, Cuenta en Facebook, Radio (AM o FM), Radio transmitida vía web",Comunitario,"Arte y cultura local, Deporte local, Economía y desarrollo local, Gobierno y política local, Temas sociales locales (como salud, educación, transporte, servicios públicos)","Fondos gubernamentales, Publicidad",No ha enfrentado este tipo de situaciones
Yaracuy,"Canal o grupo de mensajería en Whatsapp, Cuenta en Instagram, Cuenta en Facebook, Radio (AM o FM)",Privado,"Arte y cultura local, Deporte local, Economía y desarrollo local, Gobierno y política local","Fondos gubernamentales, Publicidad",No ha enfrentado este tipo de situaciones
Yaracuy,"Cuenta en Instagram, Radio (AM o FM)",Privado,"Arte y cultura local, Deporte local, Economía y desarrollo local, Gobierno y política local, Sucesos, seguridad y convivencia ciudadana, Temas sociales locales (como salud, educación, transporte, servicios públicos)",Publicidad,Decisiones de no cubrir ciertos contenidos por precaución (autocensura)
Yaracuy,"Cuenta en Instagram, Radio (AM o FM)",Estatal,Arte y cultura local,"Contenidos puntuales patrocinados, Fondos gubernamentales",Decisiones de no cubrir ciertos contenidos por precaución (autocensura)
Yaracuy,Radio (AM o FM),Estatal,"Arte y cultura local, Deporte local, Economía y desarrollo local, Gobierno y política local",Fondos gubernamentales,Decisiones de no cubrir ciertos contenidos por precaución (autocensura)
Yaracuy,Radio (AM o FM),Comunitario,"Arte y cultura local, Deporte local, Economía y desarrollo local, Gobierno y política local, Temas sociales locales (como salud, educación, transporte, servicios públicos)",Fondos gubernamentales,No se maneja esta información
Yaracuy,"Cuenta en Instagram, Cuenta en Facebook, Radio (AM o FM)",Privado,"Arte y cultura local, Deporte local, Economía y desarrollo local, Gobierno y política local, Sucesos, seguridad y convivencia ciudadana, Temas sociales locales (como salud, educación, transporte, servicios públicos)","Contenidos puntuales patrocinados, Publicidad",Decisiones de no cubrir ciertos contenidos por precaución (autocensura)
Yaracuy,Portal web de noticias,No se maneja esta información,"Arte y cultura local, Deporte local, Economía y desarrollo local, Gobierno y política local, Sucesos, seguridad y convivencia ciudadana, Temas sociales locales (como salud, educación, transporte, servicios públicos)",No se maneja esta información,No se maneja esta información
Zulia,"Canal o grupo de mensajería en Whatsapp, Canal o grupo de mensajería en Telegram, Cuenta en Instagram, Cuenta en TikTok",Privado,"Deporte local, Economía y desarrollo local, Gobierno y política local, Investigación y vigilancia al poder, Sucesos, seguridad y convivencia ciudadana, Temas sociales locales (como salud, educación, transporte, servicios públicos)",Donaciones de empresas,"Presiones indirectas que influyen en la cobertura (por ejemplo, económicas, políticas o de seguridad)"
Zulia,"Canal o grupo de mensajería en Whatsapp, Canal o grupo de mensajería en Telegram, Cuenta en Instagram, Cuenta en Facebook, Cuenta en X, Cuenta en Youtube, TV transmitida vía web",Privado,"Arte y cultura local, Deporte local, Economía y desarrollo local, Gobierno y política local, Investigación y vigilancia al poder, Medio ambiente y sostenibilidad, Sucesos, seguridad y convivencia ciudadana, Temas sociales locales (como salud, educación, transporte, servicios públicos)","Subvenciones o financiamiento internacional, Publicidad",Decisiones de no cubrir ciertos contenidos por precaución (autocensura)
Zulia,"Canal o grupo de mensajería en Whatsapp, Cuenta en Instagram, Cuenta en Facebook, Cuenta en TikTok",Proyecto u organización sin figura jurídica,"Arte y cultura local, Economía y desarrollo local, Gobierno y política local, Investigación y vigilancia al poder, Medio ambiente y sostenibilidad, Sucesos, seguridad y convivencia ciudadana, Temas sociales locales (como salud, educación, transporte, servicios públicos)",No hay ninguna fuente de ingresos,"Restricciones o impedimentos externos para cubrir ciertos temas (censura directa), Presiones indirectas que influyen en la cobertura (por ejemplo, económicas, políticas o de seguridad)"
Zulia,Portal web de noticias,Privado,"Arte y cultura local, Deporte local, Economía y desarrollo local, Gobierno y política local, Sucesos, seguridad y convivencia ciudadana, Temas sociales locales (como salud, educación, transporte, servicios públicos)","Aportes monetarios de los fundadores y/o el equipo, Contenidos puntuales patrocinados, Publicidad","Decisiones de no cubrir ciertos contenidos por precaución (autocensura), Presiones indirectas que influyen en la cobertura (por ejemplo, económicas, políticas o de seguridad)"
Zulia,"Canal o grupo de mensajería en Whatsapp, Canal o grupo de mensajería en Telegram, Cuenta en Instagram, Cuenta en Facebook, Cuenta en X, Portal web de noticias",Privado,"Arte y cultura local, Deporte local, Economía y desarrollo local, Medio ambiente y sostenibilidad, Sucesos, seguridad y convivencia ciudadana, Temas sociales locales (como salud, educación, transporte, servicios públicos)","Aportes monetarios de los fundadores y/o el equipo, Publicidad",Decisiones de no cubrir ciertos contenidos por precaución (autocensura)
Zulia,"Canal o grupo de mensajería en Whatsapp, Cuenta en Instagram, Cuenta en Facebook, Radio (AM o FM), Radio transmitida vía web",Privado,"Arte y cultura local, Economía y desarrollo local, Gobierno y política local, Medio ambiente y sostenibilidad, Temas sociales locales (como salud, educación, transporte, servicios públicos)",Subvenciones o financiamiento internacional,"Decisiones de no cubrir ciertos contenidos por precaución (autocensura), Presiones indirectas que influyen en la cobertura (por ejemplo, económicas, políticas o de seguridad)"
Zulia,"Canal o grupo de mensajería en Whatsapp, Cuenta en Instagram, Cuenta en Facebook, Cuenta en TikTok, Cuenta en Youtube, Podcast",Privado,"Arte y cultura local, Medio ambiente y sostenibilidad, Temas sociales locales (como salud, educación, transporte, servicios públicos)",No hay ninguna fuente de ingresos,"Restricciones o impedimentos externos para cubrir ciertos temas (censura directa), Decisiones de no cubrir ciertos contenidos por precaución (autocensura), Presiones indirectas que influyen en la cobertura (por ejemplo, económicas, políticas o de seguridad)"
Zulia,"Canal o grupo de mensajería en Whatsapp, Cuenta en Instagram, Cuenta en Facebook, Cuenta en TikTok, Cuenta en X, Periodismo cara a cara, Portal web de noticias",Privado,"Arte y cultura local, Deporte local, Economía y desarrollo local, Gobierno y política local, Sucesos, seguridad y convivencia ciudadana, Temas sociales locales (como salud, educación, transporte, servicios públicos)","Aportes monetarios de los fundadores y/o el equipo, Contenidos puntuales patrocinados, Donaciones de empresas, Publicidad","Decisiones de no cubrir ciertos contenidos por precaución (autocensura), Presiones indirectas que influyen en la cobertura (por ejemplo, económicas, políticas o de seguridad)"
Zulia,Cuenta en Instagram,Privado,"Sucesos, seguridad y convivencia ciudadana",Publicidad,Decisiones de no cubrir ciertos contenidos por precaución (autocensura)
Zulia,"Canal o grupo de mensajería en Whatsapp, Canal o grupo de mensajería en Telegram, Cuenta en Instagram, Cuenta en Facebook, Cuenta en TikTok, Cuenta en X, Cuenta en Youtube, Portal web de noticias",Privado,"Arte y cultura local, Deporte local, Economía y desarrollo local, Gobierno y política local, Investigación y vigilancia al poder, Sucesos, seguridad y convivencia ciudadana, Temas sociales locales (como salud, educación, transporte, servicios públicos)","Contenidos puntuales patrocinados, Fondos gubernamentales, Publicidad","Restricciones o impedimentos externos para cubrir ciertos temas (censura directa), Decisiones de no cubrir ciertos contenidos por precaución (autocensura), Presiones indirectas que influyen en la cobertura (por ejemplo, económicas, políticas o de seguridad)"
Zulia,"Cuenta en Instagram, Cuenta en Facebook, Cuenta en Youtube",Privado,"Arte y cultura local, Deporte local, Temas sociales locales (como salud, educación, transporte, servicios públicos), Entretenimiento ","Contenidos puntuales patrocinados, Publicidad, Venta de productos y servicios",No ha enfrentado este tipo de situaciones
Zulia,"Canal o grupo de mensajería en Whatsapp, Cuenta en Instagram, Cuenta en Facebook, Cuenta en TikTok, Portal web de noticias",Privado,"Arte y cultura local, Deporte local, Economía y desarrollo local, Gobierno y política local, Sucesos, seguridad y convivencia ciudadana, Temas sociales locales (como salud, educación, transporte, servicios públicos)","Contenidos puntuales patrocinados, Publicidad","Restricciones o impedimentos externos para cubrir ciertos temas (censura directa), Decisiones de no cubrir ciertos contenidos por precaución (autocensura)"
Zulia,"Canal o grupo de mensajería en Telegram, Cuenta en Instagram, Cuenta en X, Periódico (impreso), Portal web de noticias, Boletín informativo ambiental ","Organización sin fines de lucro (asociación civil, fundación, ONG)","Investigación y vigilancia al poder, Medio ambiente y sostenibilidad",Aportes monetarios de los fundadores y/o el equipo,"Decisiones de no cubrir ciertos contenidos por precaución (autocensura), Presiones indirectas que influyen en la cobertura (por ejemplo, económicas, políticas o de seguridad)"
Zulia,"Cuenta en Instagram, Cuenta en X, Portal web de noticias","Organización sin fines de lucro (asociación civil, fundación, ONG)",Medio ambiente y sostenibilidad,"Subvenciones o financiamiento internacional, Talleres / Capacitaciones","Presiones indirectas que influyen en la cobertura (por ejemplo, económicas, políticas o de seguridad)"
Zulia,"Canal o grupo de mensajería en Whatsapp, Canal o grupo de mensajería en Telegram, Cuenta en Instagram, Cuenta en Facebook, Cuenta en TikTok, Cuenta en X, Cuenta en Youtube, TV (señal abierta o cable)",Privado,"Deporte local, Economía y desarrollo local, Gobierno y política local, Investigación y vigilancia al poder, Medio ambiente y sostenibilidad, Sucesos, seguridad y convivencia ciudadana, Temas sociales locales (como salud, educación, transporte, servicios públicos)","Contenidos puntuales patrocinados, Publicidad","Restricciones o impedimentos externos para cubrir ciertos temas (censura directa), Presiones indirectas que influyen en la cobertura (por ejemplo, económicas, políticas o de seguridad)"
Zulia,"Canal o grupo de mensajería en Whatsapp, Canal o grupo de mensajería en Telegram, Cuenta en Instagram, Cuenta en Facebook, Cuenta en TikTok, Cuenta en X, Portal web de noticias",Privado,"Arte y cultura local, Deporte local, Economía y desarrollo local, Gobierno y política local, Medio ambiente y sostenibilidad, Sucesos, seguridad y convivencia ciudadana, Temas sociales locales (como salud, educación, transporte, servicios públicos)","Aportes monetarios de los fundadores y/o el equipo, Contenidos puntuales patrocinados, Publicidad","Restricciones o impedimentos externos para cubrir ciertos temas (censura directa), Decisiones de no cubrir ciertos contenidos por precaución (autocensura), Presiones indirectas que influyen en la cobertura (por ejemplo, económicas, políticas o de seguridad)"
Zulia,"Canal o grupo de mensajería en Whatsapp, Canal o grupo de mensajería en Telegram, Cuenta en Instagram, Cuenta en Facebook, Cuenta en TikTok, Cuenta en X, Cuenta en Youtube, Periodismo cara a cara, Portal web de noticias","Organización sin fines de lucro (asociación civil, fundación, ONG)","Economía y desarrollo local, Gobierno y política local, Investigación y vigilancia al poder, Sucesos, seguridad y convivencia ciudadana, Temas sociales locales (como salud, educación, transporte, servicios públicos)","Subvenciones o financiamiento internacional, Publicidad","Presiones indirectas que influyen en la cobertura (por ejemplo, económicas, políticas o de seguridad)"
Zulia,"Canal o grupo de mensajería en Whatsapp, Canal o grupo de mensajería en Telegram, Cuenta en Instagram, Cuenta en Facebook, Cuenta en TikTok, Portal web de noticias, Radio (AM o FM), Radio transmitida vía web","Organización sin fines de lucro (asociación civil, fundación, ONG)","Arte y cultura local, Deporte local, Temas sociales locales (como salud, educación, transporte, servicios públicos)",Subvenciones o financiamiento internacional,Decisiones de no cubrir ciertos contenidos por precaución (autocensura)
Zulia,"Canal o grupo de mensajería en Whatsapp, Radio (AM o FM), Radio transmitida vía web",Privado,"Temas sociales locales (como salud, educación, transporte, servicios públicos)",Publicidad,Prefiere no responder
Zulia,"Canal o grupo de mensajería en Whatsapp, Cuenta en Instagram, Cuenta en Facebook, Periodismo cara a cara, Portal web de noticias",Privado,"Arte y cultura local, Deporte local, Economía y desarrollo local, Gobierno y política local, Investigación y vigilancia al poder, Medio ambiente y sostenibilidad, Sucesos, seguridad y convivencia ciudadana, Temas sociales locales (como salud, educación, transporte, servicios públicos)","Eventos, Publicidad",No ha enfrentado este tipo de situaciones
Zulia,"Cuenta en Instagram, Radio (AM o FM), Radio transmitida vía web",Privado,"Arte y cultura local, Deporte local, Economía y desarrollo local, Gobierno y política local, Sucesos, seguridad y convivencia ciudadana, Temas sociales locales (como salud, educación, transporte, servicios públicos)","Contenidos puntuales patrocinados, Eventos, Publicidad","Presiones indirectas que influyen en la cobertura (por ejemplo, económicas, políticas o de seguridad)"
Zulia,"Cuenta en Instagram, Cuenta en Facebook",Proyecto u organización sin figura jurídica,"Arte y cultura local, Deporte local, Economía y desarrollo local, Gobierno y política local, Investigación y vigilancia al poder, Medio ambiente y sostenibilidad, Sucesos, seguridad y convivencia ciudadana, Temas sociales locales (como salud, educación, transporte, servicios públicos)",Aportes monetarios de los fundadores y/o el equipo,"Restricciones o impedimentos externos para cubrir ciertos temas (censura directa), Decisiones de no cubrir ciertos contenidos por precaución (autocensura)"
Zulia,"Canal o grupo de mensajería en Whatsapp, Canal o grupo de mensajería en Telegram, Cuenta en Instagram, Cuenta en Facebook, Cuenta en TikTok, Cuenta en X, Cuenta en Youtube, Portal web de noticias, Radio (AM o FM), Radio transmitida vía web, TV transmitida vía web",Privado,"Arte y cultura local, Deporte local, Economía y desarrollo local, Gobierno y política local, Medio ambiente y sostenibilidad, Sucesos, seguridad y convivencia ciudadana, Temas sociales locales (como salud, educación, transporte, servicios públicos)",Publicidad,"Restricciones o impedimentos externos para cubrir ciertos temas (censura directa), Decisiones de no cubrir ciertos contenidos por precaución (autocensura), Presiones indirectas que influyen en la cobertura (por ejemplo, económicas, políticas o de seguridad)"
Zulia,"Canal o grupo de mensajería en Whatsapp, Cuenta en Instagram, Cuenta en TikTok, Cuenta en X, Cuenta en Youtube",Local histórico diarismo,"Arte y cultura local, Deporte local, Gobierno y política local, Investigación y vigilancia al poder, Medio ambiente y sostenibilidad, Sucesos, seguridad y convivencia ciudadana","Aportes monetarios de los fundadores y/o el equipo, Contenidos puntuales patrocinados, Publicidad",Decisiones de no cubrir ciertos contenidos por precaución (autocensura)
Zulia,"Cuenta en Instagram, Cuenta en TikTok, Cuenta en X, Cuenta en Youtube, Portal web de noticias, Radio (AM o FM), Radio transmitida vía web",Privado,"Economía y desarrollo local, Gobierno y política local, Sucesos, seguridad y convivencia ciudadana, Temas sociales locales (como salud, educación, transporte, servicios públicos)","Aportes monetarios de los fundadores y/o el equipo, Contenidos puntuales patrocinados, Publicidad","Restricciones o impedimentos externos para cubrir ciertos temas (censura directa), Presiones indirectas que influyen en la cobertura (por ejemplo, económicas, políticas o de seguridad)"
Zulia,"Canal o grupo de mensajería en Whatsapp, Canal o grupo de mensajería en Telegram, Cuenta en Instagram, Cuenta en Facebook, Cuenta en Youtube, Radio (AM o FM), Radio transmitida vía web",Privado,"Arte y cultura local, Deporte local, Economía y desarrollo local, Gobierno y política local, Sucesos, seguridad y convivencia ciudadana, Temas sociales locales (como salud, educación, transporte, servicios públicos)",Publicidad,"Decisiones de no cubrir ciertos contenidos por precaución (autocensura), No ha enfrentado este tipo de situaciones"
Zulia,"Canal o grupo de mensajería en Whatsapp, Canal o grupo de mensajería en Telegram, Cuenta en Instagram, Cuenta en Facebook, Cuenta en TikTok, Cuenta en X, Portal web de noticias",Privado,"Arte y cultura local, Deporte local, Economía y desarrollo local, Gobierno y política local, Sucesos, seguridad y convivencia ciudadana, Temas sociales locales (como salud, educación, transporte, servicios públicos)","Contenidos puntuales patrocinados, Publicidad","Decisiones de no cubrir ciertos contenidos por precaución (autocensura), Presiones indirectas que influyen en la cobertura (por ejemplo, económicas, políticas o de seguridad)"
Zulia,"Canal o grupo de mensajería en Whatsapp, Cuenta en Instagram, Cuenta en TikTok, Cuenta en Youtube, Radio (AM o FM), TV (señal abierta o cable)","Organización sin fines de lucro (asociación civil, fundación, ONG)","Arte y cultura local, Deporte local, Economía y desarrollo local, Gobierno y política local, Investigación y vigilancia al poder, Medio ambiente y sostenibilidad, Sucesos, seguridad y convivencia ciudadana, Temas sociales locales (como salud, educación, transporte, servicios públicos)","Donaciones de la audiencia, membresías o suscripciones, Fondos gubernamentales, Talleres / Capacitaciones, Venta de productos y servicios","Decisiones de no cubrir ciertos contenidos por precaución (autocensura), Presiones indirectas que influyen en la cobertura (por ejemplo, económicas, políticas o de seguridad)"
Zulia,"Canal o grupo de mensajería en Whatsapp, Canal o grupo de mensajería en Telegram, Cuenta en Instagram, Cuenta en Facebook, Cuenta en TikTok, Cuenta en X",Privado,"Arte y cultura local, Deporte local, Economía y desarrollo local, Gobierno y política local, Investigación y vigilancia al poder, Sucesos, seguridad y convivencia ciudadana, Temas sociales locales (como salud, educación, transporte, servicios públicos)",Publicidad,"Restricciones o impedimentos externos para cubrir ciertos temas (censura directa), Decisiones de no cubrir ciertos contenidos por precaución (autocensura), Presiones indirectas que influyen en la cobertura (por ejemplo, económicas, políticas o de seguridad)"
Zulia,"Canal o grupo de mensajería en Whatsapp, Canal o grupo de mensajería en Telegram, Cuenta en Instagram, Cuenta en Facebook, Cuenta en TikTok, Cuenta en X, Cuenta en Youtube, Periodismo cara a cara, Portal web de noticias, Radio (AM o FM), TV (señal abierta o cable)",Proyecto u organización sin figura jurídica,"Arte y cultura local, Deporte local, Economía y desarrollo local, Gobierno y política local, Investigación y vigilancia al poder, Medio ambiente y sostenibilidad, Sucesos, seguridad y convivencia ciudadana, Temas sociales locales (como salud, educación, transporte, servicios públicos)","Contenidos puntuales patrocinados, Publicidad",No ha enfrentado este tipo de situaciones
Zulia,"Cuenta en Instagram, Cuenta en Facebook, Cuenta en TikTok, Cuenta en X, Periodismo cara a cara","Organización sin fines de lucro (asociación civil, fundación, ONG)","Arte y cultura local, Deporte local, Medio ambiente y sostenibilidad, Temas sociales locales (como salud, educación, transporte, servicios públicos)","Subvenciones o financiamiento internacional, Talleres / Capacitaciones","Restricciones o impedimentos externos para cubrir ciertos temas (censura directa), Decisiones de no cubrir ciertos contenidos por precaución (autocensura), Presiones indirectas que influyen en la cobertura (por ejemplo, económicas, políticas o de seguridad)"
Zulia,"Canal o grupo de mensajería en Whatsapp, Cuenta en Instagram, Cuenta en Facebook, Cuenta en TikTok, Cuenta en X, Radio (AM o FM)",Privado,"Arte y cultura local, Deporte local, Economía y desarrollo local, Gobierno y política local, Sucesos, seguridad y convivencia ciudadana","Publicidad, Venta de productos y servicios",Prefiere no responder
Zulia,"Canal o grupo de mensajería en Whatsapp, Canal o grupo de mensajería en Telegram, Cuenta en Instagram, Cuenta en X",Privado,"Economía y desarrollo local, Gobierno y política local, Investigación y vigilancia al poder, Temas sociales locales (como salud, educación, transporte, servicios públicos)","Aportes monetarios de los fundadores y/o el equipo, Contenidos puntuales patrocinados, Publicidad","Decisiones de no cubrir ciertos contenidos por precaución (autocensura), Presiones indirectas que influyen en la cobertura (por ejemplo, económicas, políticas o de seguridad)"
Zulia,"Canal o grupo de mensajería en Telegram, Cuenta en Instagram",Privado,Arte y cultura local,"Aportes monetarios de los fundadores y/o el equipo, No hay ninguna fuente de ingresos",Decisiones de no cubrir ciertos contenidos por precaución (autocensura)
Zulia,"Canal o grupo de mensajería en Whatsapp, Canal o grupo de mensajería en Telegram, Cuenta en Instagram, Cuenta en Facebook, Cuenta en TikTok, Cuenta en X, Portal web de noticias",Privado,"Arte y cultura local, Deporte local, Economía y desarrollo local, Gobierno y política local, Medio ambiente y sostenibilidad, Sucesos, seguridad y convivencia ciudadana, Temas sociales locales (como salud, educación, transporte, servicios públicos)","Aportes monetarios de los fundadores y/o el equipo, Contenidos puntuales patrocinados, Publicidad",Prefiere no responder
Zulia,"Canal o grupo de mensajería en Whatsapp, Cuenta en Instagram, Cuenta en Facebook, Cuenta en TikTok, Cuenta en Youtube, Radio (AM o FM), Radio transmitida vía web, TV transmitida vía web",Privado,"Arte y cultura local, Deporte local, Economía y desarrollo local, Gobierno y política local, Sucesos, seguridad y convivencia ciudadana, Temas sociales locales (como salud, educación, transporte, servicios públicos)","Eventos, Publicidad, Venta de productos y servicios",Decisiones de no cubrir ciertos contenidos por precaución (autocensura)
Zulia,"Canal o grupo de mensajería en Whatsapp, Canal o grupo de mensajería en Telegram, Cuenta en Instagram, Cuenta en Facebook, Cuenta en TikTok, Cuenta en X, TV (señal abierta o cable), TV transmitida vía web",Privado,"Arte y cultura local, Deporte local, Economía y desarrollo local, Gobierno y política local, Medio ambiente y sostenibilidad, Sucesos, seguridad y convivencia ciudadana, Temas sociales locales (como salud, educación, transporte, servicios públicos)","Fondos gubernamentales, Publicidad","Restricciones o impedimentos externos para cubrir ciertos temas (censura directa), Decisiones de no cubrir ciertos contenidos por precaución (autocensura), Presiones indirectas que influyen en la cobertura (por ejemplo, económicas, políticas o de seguridad)"
Zulia,"Portal web de noticias, Radio (AM o FM), Radio transmitida vía web",Privado,"Arte y cultura local, Deporte local",Publicidad,Prefiere no responder
Zulia,"Canal o grupo de mensajería en Whatsapp, Cuenta en Instagram, Cuenta en TikTok, Cuenta en Youtube, Portal web de noticias, Radio (AM o FM), Radio transmitida vía web",Privado,"Arte y cultura local, Deporte local, Economía y desarrollo local, Gobierno y política local, Investigación y vigilancia al poder, Medio ambiente y sostenibilidad, Sucesos, seguridad y convivencia ciudadana, Temas sociales locales (como salud, educación, transporte, servicios públicos)","Contenidos puntuales patrocinados, Publicidad","Restricciones o impedimentos externos para cubrir ciertos temas (censura directa), Decisiones de no cubrir ciertos contenidos por precaución (autocensura), Presiones indirectas que influyen en la cobertura (por ejemplo, económicas, políticas o de seguridad)"
Zulia,"Cuenta en Instagram, Cuenta en TikTok, Portal web de noticias",Privado,"Arte y cultura local, Deporte local, Economía y desarrollo local, Gobierno y política local, Sucesos, seguridad y convivencia ciudadana, Temas sociales locales (como salud, educación, transporte, servicios públicos)","Contenidos puntuales patrocinados, Eventos",No ha enfrentado este tipo de situaciones
Zulia,"Canal o grupo de mensajería en Whatsapp, Cuenta en Instagram, Cuenta en TikTok, Radio (AM o FM), Radio transmitida vía web",Privado,"Arte y cultura local, Deporte local, Economía y desarrollo local, Gobierno y política local, Investigación y vigilancia al poder, Medio ambiente y sostenibilidad, Sucesos, seguridad y convivencia ciudadana, Temas sociales locales (como salud, educación, transporte, servicios públicos)",Publicidad,Restricciones o impedimentos externos para cubrir ciertos temas (censura directa)
Zulia,"Cuenta en Instagram, Cuenta en TikTok, Portal web de noticias",Privado,"Arte y cultura local, Deporte local, Economía y desarrollo local, Investigación y vigilancia al poder, Medio ambiente y sostenibilidad, Sucesos, seguridad y convivencia ciudadana, Temas sociales locales (como salud, educación, transporte, servicios públicos)",Contenidos puntuales patrocinados,"Restricciones o impedimentos externos para cubrir ciertos temas (censura directa), Presiones indirectas que influyen en la cobertura (por ejemplo, económicas, políticas o de seguridad)"
Zulia,"Canal o grupo de mensajería en Whatsapp, Canal o grupo de mensajería en Telegram, Cuenta en Instagram, Cuenta en Facebook, Cuenta en X, Portal web de noticias",Proyecto u organización sin figura jurídica,"Economía y desarrollo local, Gobierno y política local, Temas sociales locales (como salud, educación, transporte, servicios públicos)","Contenidos puntuales patrocinados, Eventos, Publicidad","Decisiones de no cubrir ciertos contenidos por precaución (autocensura), Presiones indirectas que influyen en la cobertura (por ejemplo, económicas, políticas o de seguridad)"
Zulia,"Canal o grupo de mensajería en Telegram, Cuenta en Instagram, Cuenta en Facebook, Cuenta en TikTok, Cuenta en X, Cuenta en Youtube, Podcast, Portal web de noticias, Radio (AM o FM)",Privado,"Arte y cultura local, Deporte local, Economía y desarrollo local, Gobierno y política local, Investigación y vigilancia al poder, Medio ambiente y sostenibilidad, Sucesos, seguridad y convivencia ciudadana, Temas sociales locales (como salud, educación, transporte, servicios públicos), Secciones de Opinión ",Publicidad,"Restricciones o impedimentos externos para cubrir ciertos temas (censura directa), Decisiones de no cubrir ciertos contenidos por precaución (autocensura)"
Zulia,"Canal o grupo de mensajería en Whatsapp, Canal o grupo de mensajería en Telegram, Cuenta en Instagram, Cuenta en Facebook, Cuenta en X, Portal web de noticias",Privado,"Arte y cultura local, Deporte local, Economía y desarrollo local, Gobierno y política local, Sucesos, seguridad y convivencia ciudadana, Temas sociales locales (como salud, educación, transporte, servicios públicos)",Contenidos puntuales patrocinados,Decisiones de no cubrir ciertos contenidos por precaución (autocensura)
Zulia,"Cuenta en Instagram, Radio (AM o FM)",Comunitario,"Arte y cultura local, Deporte local, Gobierno y política local, Sucesos, seguridad y convivencia ciudadana, Temas sociales locales (como salud, educación, transporte, servicios públicos)",Aportes monetarios de los fundadores y/o el equipo,Prefiere no responder
Zulia,"Canal o grupo de mensajería en Whatsapp, Canal o grupo de mensajería en Telegram, Cuenta en Instagram, Cuenta en Facebook, Cuenta en TikTok, Cuenta en X, Cuenta en Youtube, Portal web de noticias, Radio (AM o FM), Radio transmitida vía web",Privado,"Economía y desarrollo local, Gobierno y política local, Temas sociales locales (como salud, educación, transporte, servicios públicos)",Publicidad,No ha enfrentado este tipo de situaciones
Zulia,"Canal o grupo de mensajería en Telegram, Cuenta en Instagram, Cuenta en Facebook, Cuenta en TikTok, Cuenta en X, Portal web de noticias",Privado,"Arte y cultura local, Deporte local, Medio ambiente y sostenibilidad, Temas sociales locales (como salud, educación, transporte, servicios públicos)","Aportes monetarios de los fundadores y/o el equipo, Publicidad","Decisiones de no cubrir ciertos contenidos por precaución (autocensura), Presiones indirectas que influyen en la cobertura (por ejemplo, económicas, políticas o de seguridad)"
Zulia,"Canal o grupo de mensajería en Whatsapp, Canal o grupo de mensajería en Telegram, Cuenta en Instagram, Cuenta en Facebook, Cuenta en X, Cuenta en Youtube, Portal web de noticias",Privado,"Arte y cultura local, Deporte local, Economía y desarrollo local, Gobierno y política local, Investigación y vigilancia al poder, Medio ambiente y sostenibilidad, Sucesos, seguridad y convivencia ciudadana, Temas sociales locales (como salud, educación, transporte, servicios públicos)","Contenidos puntuales patrocinados, Fondos gubernamentales, Publicidad","Restricciones o impedimentos externos para cubrir ciertos temas (censura directa), Decisiones de no cubrir ciertos contenidos por precaución (autocensura)"
Zulia,"Canal o grupo de mensajería en Whatsapp, Canal o grupo de mensajería en Telegram, Cuenta en Instagram",Proyecto u organización sin figura jurídica,"Sucesos, seguridad y convivencia ciudadana, Temas sociales locales (como salud, educación, transporte, servicios públicos)","Publicidad, Venta de productos y servicios",Restricciones o impedimentos externos para cubrir ciertos temas (censura directa)
Zulia,"Canal o grupo de mensajería en Whatsapp, Cuenta en Instagram, Cuenta en Facebook, Cuenta en TikTok, Periodismo cara a cara, Radio (AM o FM)",Privado,"Arte y cultura local, Temas sociales locales (como salud, educación, transporte, servicios públicos)","Contenidos puntuales patrocinados, Eventos, Publicidad",Prefiere no responder
Zulia,"Canal o grupo de mensajería en Whatsapp, Canal o grupo de mensajería en Telegram, Cuenta en Instagram, Cuenta en Facebook, Cuenta en TikTok, Cuenta en X, Cuenta en Youtube, Periódico (impreso), Periodismo cara a cara, Podcast, Portal web de noticias, Radio (AM o FM), Radio transmitida vía web, TV (señal abierta o cable), TV transmitida vía web",Estatal,"Deporte local, Economía y desarrollo local, Gobierno y política local","Fondos gubernamentales, Publicidad",No ha enfrentado este tipo de situaciones
Zulia,"Canal o grupo de mensajería en Whatsapp, Cuenta en Instagram, Cuenta en Facebook, Cuenta en TikTok, Cuenta en X, Cuenta en Youtube, Portal web de noticias",Privado,"Arte y cultura local, Deporte local, Economía y desarrollo local, Gobierno y política local, Investigación y vigilancia al poder, Medio ambiente y sostenibilidad, Sucesos, seguridad y convivencia ciudadana, Temas sociales locales (como salud, educación, transporte, servicios públicos), Deportes, Música, Cultura, entre otros","Contenidos puntuales patrocinados, Publicidad, Venta de productos y servicios",No ha enfrentado este tipo de situaciones
Zulia,"Cuenta en Instagram, Portal web de noticias, TV transmitida vía web",Privado,"Temas sociales locales (como salud, educación, transporte, servicios públicos)",Publicidad,Decisiones de no cubrir ciertos contenidos por precaución (autocensura)
Zulia,"Cuenta en Instagram, Cuenta en Facebook, Cuenta en Youtube, Radio (AM o FM), Radio transmitida vía web",Privado,"Arte y cultura local, Deporte local, Economía y desarrollo local, Medio ambiente y sostenibilidad, Sucesos, seguridad y convivencia ciudadana, Temas sociales locales (como salud, educación, transporte, servicios públicos)",Publicidad,Decisiones de no cubrir ciertos contenidos por precaución (autocensura)
Zulia,"Canal o grupo de mensajería en Whatsapp, Cuenta en Instagram, Cuenta en Facebook, Cuenta en TikTok, Portal web de noticias",Privado,"Arte y cultura local, Deporte local, Economía y desarrollo local, Gobierno y política local, Sucesos, seguridad y convivencia ciudadana, Temas sociales locales (como salud, educación, transporte, servicios públicos)","Contenidos puntuales patrocinados, Publicidad",Decisiones de no cubrir ciertos contenidos por precaución (autocensura)
Zulia,"Canal o grupo de mensajería en Whatsapp, Canal o grupo de mensajería en Telegram, Cuenta en Instagram, Cuenta en Facebook, Cuenta en X, Cuenta en Youtube, Radio (AM o FM), Radio transmitida vía web","Organización sin fines de lucro (asociación civil, fundación, ONG)","Arte y cultura local, Deporte local, Economía y desarrollo local, Gobierno y política local, Investigación y vigilancia al poder, Medio ambiente y sostenibilidad, Sucesos, seguridad y convivencia ciudadana, Temas sociales locales (como salud, educación, transporte, servicios públicos)",Venta de productos y servicios,"Presiones indirectas que influyen en la cobertura (por ejemplo, económicas, políticas o de seguridad)"
Zulia,"Canal o grupo de mensajería en Telegram, Cuenta en Instagram, Cuenta en Facebook, Cuenta en TikTok, Cuenta en X, Cuenta en Youtube, Portal web de noticias, TV (señal abierta o cable)",Privado,"Arte y cultura local, Economía y desarrollo local, Gobierno y política local, Sucesos, seguridad y convivencia ciudadana, Temas sociales locales (como salud, educación, transporte, servicios públicos)","Contenidos puntuales patrocinados, Publicidad",No ha enfrentado este tipo de situaciones
Zulia,"Canal o grupo de mensajería en Whatsapp, Cuenta en Instagram, Cuenta en Facebook, Cuenta en TikTok, Cuenta en X, Cuenta en Youtube, Portal web de noticias, TV (señal abierta o cable), TV transmitida vía web",Privado,"Arte y cultura local, Deporte local, Economía y desarrollo local, Gobierno y política local, Medio ambiente y sostenibilidad, Sucesos, seguridad y convivencia ciudadana, Temas sociales locales (como salud, educación, transporte, servicios públicos)","Contenidos puntuales patrocinados, Publicidad",Decisiones de no cubrir ciertos contenidos por precaución (autocensura)
Zulia,"Cuenta en Instagram, Cuenta en Facebook, Cuenta en TikTok, Cuenta en X, Radio (AM o FM), Radio transmitida vía web",Privado,"Arte y cultura local, Deporte local, Economía y desarrollo local, Gobierno y política local, Sucesos, seguridad y convivencia ciudadana, Temas sociales locales (como salud, educación, transporte, servicios públicos)",Publicidad,Decisiones de no cubrir ciertos contenidos por precaución (autocensura)
Zulia,"Canal o grupo de mensajería en Whatsapp, Canal o grupo de mensajería en Telegram, Radio (AM o FM), TV (señal abierta o cable)",Privado,"Arte y cultura local, Deporte local, Gobierno y política local, Sucesos, seguridad y convivencia ciudadana, Temas sociales locales (como salud, educación, transporte, servicios públicos)","Fondos gubernamentales, Publicidad",Decisiones de no cubrir ciertos contenidos por precaución (autocensura)